thumbnailUrl,title,linkUrl
"https://img.youtube.com/vi/O6_hhiqXAFU/sddefault.jpg","ã€ãŠå°»ã€‘ï¼‘ï¼åˆ†ã§ãŠå°»ä¸Šã’ã¾ã›ã‚“ã‹ï¼ŸğŸ‘10 mins booty workoutğŸ‘","https://www.youtube.com/watch?v=O6_hhiqXAFU&list=PLT-tOjYQy3-bQeFgIumqhsWRutfBkvENU&index=1&pp=iAQB"
"https://img.youtube.com/vi/MyFDbSAtqMk/sddefault.jpg","ã€part2ã€‘ï¼‘ï¼åˆ†é–“ä¸€ç·’ã«ãã¤ã‚ã®è…¹ç­‹ã—ã¾ã›ã‚“ã‹ï¼ŸğŸ’¦10mins hard abs workout!!ğŸ’¦","https://www.youtube.com/watch?v=MyFDbSAtqMk&list=PLT-tOjYQy3-bQeFgIumqhsWRutfBkvENU&index=2&pp=iAQB"
"https://img.youtube.com/vi/YqMceCvgVHQ/sddefault.jpg","ã€Burn Fatã€‘æ»æ±—ğŸ’¦10åˆ†ã§è„‚è‚ªç‡ƒç„¼ğŸ”¥åˆå¿ƒè€…ã§ã‚‚ã§ãã‚‹ğŸ”¥ Beginner friendly","https://www.youtube.com/watch?v=YqMceCvgVHQ&list=PLT-tOjYQy3-bQeFgIumqhsWRutfBkvENU&index=3&pp=iAQB"
"https://img.youtube.com/vi/Dxf6WmPnMA8/sddefault.jpg","ã€CHEST AND TRICEPSã€‘10åˆ†ã§ãƒã‚¹ãƒˆã‚¢ãƒƒãƒ—ã¨äºŒã®è…•å¼•ãç· ã‚ã‚ˆã†ğŸ”¥","https://www.youtube.com/watch?v=Dxf6WmPnMA8&list=PLT-tOjYQy3-bQeFgIumqhsWRutfBkvENU&index=4&pp=iAQB"
"https://img.youtube.com/vi/aMWnpkscjU0/sddefault.jpg","ã€èƒ¸ãƒˆãƒ¬ã€‘ï¼–ã‚­ãƒ­æ¸›é‡ã—ãŸã‚‚ã®ã®ã“ã‚Œã§èƒ¸ã¯æ®‹ã›ãŸã€‚BOOBS LIFT CHALLENGE","https://www.youtube.com/watch?v=aMWnpkscjU0&list=PLT-tOjYQy3-bQeFgIumqhsWRutfBkvENU&index=7&pp=iAQB"
"https://img.youtube.com/vi/zGINo3BloGo/sddefault.jpg","ã€ä¸­ç´šè€…ã€‘ãŠè…¹å‘¨ã‚Šå¼•ãç· ã‚ãŸã„æ–¹å¿…è¦‹ï¼ï¼","https://www.youtube.com/watch?v=zGINo3BloGo&list=PLT-tOjYQy3-bQeFgIumqhsWRutfBkvENU&index=11&pp=iAQB"
"https://img.youtube.com/vi/rC3EAxfK-Ok/sddefault.jpg","ã€èƒŒä¸­ã€‘1æ—¥6åˆ†ã§èƒŒä¸­ç¾äººã«ãªã‚ã†ï¼Get a beautiful back!","https://www.youtube.com/watch?v=rC3EAxfK-Ok&list=PLT-tOjYQy3-bQeFgIumqhsWRutfBkvENU&index=14&pp=iAQB"
"https://img.youtube.com/vi/RTwP6ADg80A/sddefault.jpg","ã€ãƒ—ãƒ©ãƒ³ã‚¯è…¹ç­‹ã€‘ãƒ—ãƒ©ãƒ³ã‚¯ã«è‡ªä¿¡ãŒã‚ã‚‹æ–¹ã®ã¿ã‚„ã£ã¦ãã ã•ã„ã€‚Do this only if you have a confidence doing plank.","https://www.youtube.com/watch?v=RTwP6ADg80A&list=PLT-tOjYQy3-bQeFgIumqhsWRutfBkvENU&index=15&pp=iAQB"
"https://img.youtube.com/vi/G-tAp7EiawQ/sddefault.jpg","ã€å…¨èº«ã€‘ï¼‘ï¼•åˆ†é–“ã®å…¨èº«ãƒ¯ãƒ¼ã‚¯ã‚¢ã‚¦ãƒˆï¼ãã¤ã„ã‘ã©è„‚è‚ªãªããªã‚‹ã‚ˆï¼Full Body Workout!","https://www.youtube.com/watch?v=G-tAp7EiawQ&list=PLT-tOjYQy3-bQeFgIumqhsWRutfBkvENU&index=20&pp=iAQB"
"https://img.youtube.com/vi/OVOKCEZRf8M/sddefault.jpg","ã€HIITã€‘no jumpingï¼é£›ã°ãªã„ãƒ’ãƒ¼ãƒˆï¼ï¼‘ï¼åˆ†ï¼å®…ãƒˆãƒ¬","https://www.youtube.com/watch?v=OVOKCEZRf8M&list=PLT-tOjYQy3-bQeFgIumqhsWRutfBkvENU&index=32&pp=iAQB"
"https://img.youtube.com/vi/d-4eVMv59y8/sddefault.jpg","ã€ä¸ŠåŠèº«ã€‘ä¸€ç·’ã«è„‚è‚ªè½ã¨ã—ã¾ã›ã‚“ã‹ï¼ŸWould like to burn fat together?","https://www.youtube.com/watch?v=d-4eVMv59y8&list=PLT-tOjYQy3-ZP1wDEOtNDQLKz2ws7gV80&index=2&pp=iAQB"
"https://img.youtube.com/vi/T8okvmlZYIQ/sddefault.jpg","ã€HIITã€‘ä¸€ç·’ã«è„‚è‚ªè½ã¨ã—ã¾ã›ã‚“ã‹ï¼ŸWould like to burn fat together?","https://www.youtube.com/watch?v=T8okvmlZYIQ&list=PLT-tOjYQy3-ZP1wDEOtNDQLKz2ws7gV80&index=7&pp=iAQB"
"https://img.youtube.com/vi/YuN45xyP3FM/sddefault.jpg","ã€ä¸ŠåŠèº«ã€‘ä¸€ç·’ã«è„‚è‚ªè½ã¨ã—ã¾ã›ã‚“ã‹ï¼ŸWould like to burn fat together?","https://www.youtube.com/watch?v=YuN45xyP3FM&list=PLT-tOjYQy3-ZP1wDEOtNDQLKz2ws7gV80&index=10&pp=iAQB"
"https://img.youtube.com/vi/S8CHxTG8S9M/sddefault.jpg","ã€70ä¸‡å†ç”Ÿã•ã‚ŒãŸã€‘ï¼‘é€±é–“ã§ä¸€ç·’ã«è…°å›ã‚Šç—©ã›ã—ã¾ã›ã‚“ã‹ï¼Ÿoblique abs workout","https://www.youtube.com/watch?v=S8CHxTG8S9M&list=PLT-tOjYQy3-a2HjGSI7ZkUqwhvIDLyhku&index=2&pp=iAQB"
"https://img.youtube.com/vi/PFriZQww71I/sddefault.jpg","ã€HIITã€‘no jumpingï¼é£›ã°ãªã„ãƒ’ãƒ¼ãƒˆï¼ï¼‘ï¼åˆ†ï¼å®…ãƒˆãƒ¬ï¼ˆãƒªãƒ¡ã‚¤ã‚¯ï¼‰","https://www.youtube.com/watch?v=PFriZQww71I&list=PLT-tOjYQy3-a2HjGSI7ZkUqwhvIDLyhku&index=1&pp=iAQB"
"https://img.youtube.com/vi/Ugb1fItFqfM/sddefault.jpg","Leg Press. BEND BOUNDARIES. | Dwayne Johnson Under Armour Campaign","https://www.youtube.com/watch?v=Ugb1fItFqfM&list=PL2eWdUqM6485SFEiper-gKt5p4wzzatcJ&index=1&pp=iAQB"
"https://img.youtube.com/vi/DlRCFD2n3Bo/sddefault.jpg","Arsenal Strength | Standing Lateral Raise","https://www.youtube.com/watch?v=DlRCFD2n3Bo&list=PL2eWdUqM6485SFEiper-gKt5p4wzzatcJ&index=2&pp=iAQB"
"https://img.youtube.com/vi/cbyT1_yr-4M/sddefault.jpg","Hammer Strength Plate-Loaded Low Row Instructions","https://www.youtube.com/watch?v=cbyT1_yr-4M&list=PL2eWdUqM6485SFEiper-gKt5p4wzzatcJ&index=8&pp=iAQB"
"https://img.youtube.com/vi/-o4sXCOWPG0/sddefault.jpg","ä¹…æ–¹ã¶ã‚Šbenchpressï¼ï¼ï½œè§£èª¬","https://www.youtube.com/watch?v=-o4sXCOWPG0"
"https://img.youtube.com/vi/bpwEtp5nduE/sddefault.jpg","ã€ç­‹ãƒˆãƒ¬ã€‘èƒŒä¸­ãƒ»äºŒé ­ç­‹ã®ãƒ‘ãƒ³ãƒ—ï¼ï¼ï½œãƒ¢ãƒãƒ™ãƒ¼ã‚·ãƒ§ãƒ³","https://www.youtube.com/watch?v=bpwEtp5nduE"
"https://img.youtube.com/vi/Htx4WdeNyRk/sddefault.jpg","ã€ç­‹ãƒˆãƒ¬ã€‘æ¸›é‡æœŸã®ãƒ•ãƒ«é£Ÿãƒ»ãƒ•ãƒ«ã‚µãƒ—ãƒª","https://www.youtube.com/watch?v=Htx4WdeNyRk"
"https://img.youtube.com/vi/JV01gDMvl6U/sddefault.jpg","ã€ç­‹ãƒˆãƒ¬ã€‘åˆå¿ƒè€…ãŒèƒŒä¸­ã«åŠ¹ã‹ã›ã‚Œãªã„ã‚ˆãã‚ã‚‹ãƒ‘ã‚¿ãƒ¼ãƒ³ï½œãƒˆãƒªãƒƒã‚¯ãƒ¢ãƒ¼ã‚·ãƒ§ãƒ³","https://www.youtube.com/watch?v=JV01gDMvl6U"
"https://img.youtube.com/vi/bVb3wL_cvCU/sddefault.jpg","ã€ç­‹ãƒˆãƒ¬éŸ³æ¥½ã€‘ã‚¸ãƒ ã§ãƒ¯ãƒ¼ã‚¯ã‚¢ã‚¦ãƒˆä¸­ã®ãŠã—ã‚ƒã‚Œã§ã‹ã£ã“ã„ã„ãƒˆãƒ¬ãƒ¼ãƒ‹ãƒ³ã‚°å¥³å­ã¨ãƒ¢ãƒãƒ™ãƒ¼ã‚·ãƒ§ãƒ³ãŒä¸ŠãŒã‚‹æ›²ã€BGM/æ´‹æ¥½EDM/NCSãƒ¡ãƒ‰ãƒ¬ãƒ¼ã€‘","https://www.youtube.com/watch?v=bVb3wL_cvCU"
"https://img.youtube.com/vi/qttk0B1xqBs/sddefault.jpg","ã€ãƒ¯ãƒ¼ã‚¯ã‚¢ã‚¦ãƒˆBGMã€‘å€‰åº«ã‚¸ãƒ ã§ãƒˆãƒ¬ãƒ¼ãƒ‹ãƒ³ã‚°ä¸­ã®ã‹ã£ã“ã„ã„ç­‹ãƒˆãƒ¬å¥³å­ã¨ãƒ¢ãƒãƒ™ãƒ¼ã‚·ãƒ§ãƒ³ãŒä¸ŠãŒã‚‹æ›²ã€ã‚„ã‚‹æ°—ã®å‡ºã‚‹æ›²/éŸ³æ¥½/æ´‹æ¥½ãƒ’ãƒƒãƒ—ãƒ›ãƒƒãƒ—ãƒ¡ãƒ‰ãƒ¬ãƒ¼ã€‘","https://www.youtube.com/watch?v=qttk0B1xqBs"
"https://img.youtube.com/vi/EDCpUF1wN-4/sddefault.jpg","ã€ç­‹ãƒˆãƒ¬BGMã€‘ã‚¸ãƒ ã§ãƒˆãƒ¬ãƒ¼ãƒ‹ãƒ³ã‚°ä¸­ã®ã‹ã£ã“ã„ã„ç”·æ€§ãƒœãƒ‡ã‚£ãƒ“ãƒ«ãƒ€ãƒ¼ã¨ãƒ¢ãƒãƒ™ãƒ¼ã‚·ãƒ§ãƒ³ãŒä¸ŠãŒã‚‹æ›²ã€ã‚„ã‚‹æ°—ã®å‡ºã‚‹æ›²/éŸ³æ¥½/æ´‹æ¥½ãƒ’ãƒƒãƒ—ãƒ›ãƒƒãƒ—ãƒ¡ãƒ‰ãƒ¬ãƒ¼ã€‘","https://www.youtube.com/watch?v=EDCpUF1wN-4"
"https://img.youtube.com/vi/bAsZCMZzbl8/sddefault.jpg","ã€ãƒ¯ãƒ¼ã‚¯ã‚¢ã‚¦ãƒˆBGMã€‘ã‚¸ãƒ ã§ãƒˆãƒ¬ãƒ¼ãƒ‹ãƒ³ã‚°ä¸­ã®ãŠã—ã‚ƒã‚Œã§ã‹ã£ã“ã„ã„ç­‹ãƒˆãƒ¬å¥³å­ã¨ãƒ¢ãƒãƒ™ãƒ¼ã‚·ãƒ§ãƒ³ãŒä¸ŠãŒã‚‹æ›²ã€ã‚„ã‚‹æ°—ã®å‡ºã‚‹æ›²/éŸ³æ¥½/æ´‹æ¥½EDMãƒ¡ãƒ‰ãƒ¬ãƒ¼ã€‘","https://www.youtube.com/watch?v=bAsZCMZzbl8"
"https://img.youtube.com/vi/FhP3u1DY8pI/sddefault.jpg","ã€ãƒ¯ãƒ¼ã‚¯ã‚¢ã‚¦ãƒˆBGMã€‘ã‚¸ãƒ ã§ãƒˆãƒ¬ãƒ¼ãƒ‹ãƒ³ã‚°ä¸­ã®ãŠã—ã‚ƒã‚Œã§ã‹ã£ã“ã„ã„ç­‹ãƒˆãƒ¬å¥³å­ã¨ãƒ¢ãƒãƒ™ãƒ¼ã‚·ãƒ§ãƒ³ãŒä¸ŠãŒã‚‹æ›²ã€ã‚„ã‚‹æ°—ã®å‡ºã‚‹æ›²/éŸ³æ¥½/æ´‹æ¥½EDMãƒ¡ãƒ‰ãƒ¬ãƒ¼ã€‘","https://www.youtube.com/watch?v=FhP3u1DY8pI"
"https://img.youtube.com/vi/QzkajD1GMGQ/sddefault.jpg","ã€ç­‹ãƒˆãƒ¬BGMã€‘ã‚¸ãƒ ã§ãƒˆãƒ¬ãƒ¼ãƒ‹ãƒ³ã‚°ä¸­ã«è´ããŸã„ãƒ¢ãƒãƒ™ãƒ¼ã‚·ãƒ§ãƒ³ãŒä¸ŠãŒã‚‹æ›²ã€æ´‹æ¥½/éŸ³æ¥½/EDM/NCSãƒ¡ãƒ‰ãƒ¬ãƒ¼ã€‘","https://www.youtube.com/watch?v=QzkajD1GMGQ"
"https://img.youtube.com/vi/q-GNygaYiZk/sddefault.jpg","ã‚¸ãƒ ã§ãƒˆãƒ¬ãƒ¼ãƒ‹ãƒ³ã‚°ä¸­ã®ãŠã—ã‚ƒã‚Œã§ã‹ã£ã“ã„ã„ç­‹ãƒˆãƒ¬å¥³å­ã¨ãƒ¢ãƒãƒ™ãƒ¼ã‚·ãƒ§ãƒ³ãŒä¸ŠãŒã‚‹æ›²ã€ã‚„ã‚‹æ°—ã®å‡ºã‚‹æ›²/éŸ³æ¥½ã€‘","https://www.youtube.com/watch?v=q-GNygaYiZk"
"https://img.youtube.com/vi/OlJTEvGnsuw/sddefault.jpg","ã€æœ¬æ°—ã®ç­‹ãƒˆãƒ¬ã€‘ç­‹ãƒˆãƒ¬ã®ãƒ¢ãƒãƒ™ãƒ¼ã‚·ãƒ§ãƒ³ãŒ120%ä¸ŠãŒã‚‹ãƒ¢ãƒãƒ™ãƒ¼ã‚·ãƒ§ãƒ³ãƒ“ãƒ‡ã‚ª","https://www.youtube.com/watch?v=OlJTEvGnsuw"
"https://img.youtube.com/vi/aDusU_FoGPI/sddefault.jpg","ã€æœ¬æ°—ã®ç­‹ãƒˆãƒ¬ã€‘ãƒ¢ãƒãƒ™ä¸ŠãŒã‚‹æ›²ã¨å…±ã«ä¸€ç·’ã«é ‘å¼µã‚Šã¾ã›ã‚“ã‹ ã€ãƒˆãƒƒãƒ—15 ã‚¸ãƒ ã§ãƒˆãƒ¬ãƒ¼ãƒ‹ãƒ³ã‚°ä¸­ã«è´ããŸã„æ›²","https://www.youtube.com/watch?v=aDusU_FoGPI"
"https://img.youtube.com/vi/un4pcy5yRLI/sddefault.jpg","ã€ç­‹ãƒˆãƒ¬ éŸ³æ¥½ ã€‘é‹å‹•ã®ãŸã‚ã®æœ€é«˜ã®éŸ³æ¥½ã€ã‚¹ãƒãƒ¼ãƒ„ã€ã‚¨ãƒ¬ã‚¯ãƒˆãƒ­ãƒ‹ã‚« 2019 âœ¦ ç­‹ãƒˆãƒ¬ éŸ³æ¥½ã€€ãƒŸãƒƒã‚¯ã‚¹ ãƒ¢ãƒãƒ™ãƒ¼ã‚·ãƒ§ãƒ³ä¸Šã’ - ç­‹ãƒˆãƒ¬","https://www.youtube.com/watch?v=un4pcy5yRLI"
"https://img.youtube.com/vi/8iX--CK7i9c/sddefault.jpg","ãƒ™ã‚¹ãƒˆãƒ¯ãƒ¼ã‚¯ã‚¢ã‚¦ãƒˆãƒŸãƒ¥ãƒ¼ã‚¸ãƒƒã‚¯ãƒŸãƒƒã‚¯ã‚¹2019 - ç­‹ãƒˆãƒ¬ éŸ³æ¥½ ãƒŸãƒƒã‚¯ã‚¹ ãƒ¢ãƒãƒ™ãƒ¼ã‚·ãƒ§ãƒ³ä¸Šã’ - ç­‹ãƒˆãƒ¬","https://www.youtube.com/watch?v=8iX--CK7i9c"
"https://img.youtube.com/vi/dVFnLbXKFwg/sddefault.jpg","ãƒ™ã‚¹ãƒˆãƒ¯ãƒ¼ã‚¯ã‚¢ã‚¦ãƒˆãƒŸãƒ¥ãƒ¼ã‚¸ãƒƒã‚¯ãƒŸãƒƒã‚¯ã‚¹ 2019 - ã‚¸ãƒ ãƒˆãƒ¬ãƒ¼ãƒ‹ãƒ³ã‚°éŸ³æ¥½ - ç­‹ãƒˆãƒ¬","https://www.youtube.com/watch?v=dVFnLbXKFwg"
"https://img.youtube.com/vi/P60JO-2pAq4/sddefault.jpg","ã‚¹ãƒˆãƒ¬ãƒƒãƒç”¨ãƒ›ã‚šãƒ¼ãƒ«ã®åŠ¹æœçš„ãªä½¿ã„æ–¹ï½œ è…°ç·¨ã€å…¬å¼ã€‘","https://www.youtube.com/watch?v=P60JO-2pAq4&list=PL081Qy7d3NdtWp-YklGd-8_7foKiJJefu&index=1&pp=iAQB"
"https://img.youtube.com/vi/jcwq57fyw1Y/sddefault.jpg","ã‚¹ãƒˆãƒ¬ãƒƒãƒç”¨ãƒ›ã‚šãƒ¼ãƒ«ã®åŠ¹æœçš„ãªä½¿ã„æ–¹ï½œè‚©ç·¨ã€å…¬å¼ã€‘","https://www.youtube.com/watch?v=jcwq57fyw1Y&list=PL081Qy7d3NdtWp-YklGd-8_7foKiJJefu&index=2&pp=iAQB"
"https://img.youtube.com/vi/HQmxA5pTq6w/sddefault.jpg","ã‚¹ãƒˆãƒ¬ãƒƒãƒç”¨ãƒ›ã‚šãƒ¼ãƒ«ã®åŠ¹æœçš„ãªä½¿ã„æ–¹ï½œãµãã‚‰ã¯ãã‚™ãƒ»å¤ªã‚‚ã‚‚ã€å…¬å¼ã€‘","https://www.youtube.com/watch?v=HQmxA5pTq6w&list=PL081Qy7d3NdtWp-YklGd-8_7foKiJJefu&index=3&pp=iAQB"
"https://img.youtube.com/vi/GTbYhKFIHqk/sddefault.jpg","ã‚¿ã‚™ãƒ³ãƒ˜ã‚™ãƒ«ã‚’ä½¿ã£ãŸç­‹ãƒˆãƒ¬ï½œè‚© ã‚¢ã‚¤ã‚½ãƒ¬ãƒ¼ãƒˆç¨®ç›®ç·¨ã€å…¬å¼ã€‘","https://www.youtube.com/watch?v=GTbYhKFIHqk&list=PL081Qy7d3NdtPig-XYxOXZFgFe7HhoDUL&index=1&pp=iAQB"
"https://img.youtube.com/vi/FVkqntoOeac/sddefault.jpg","ãƒã‚™ãƒ¼ãƒ˜ã‚™ãƒ«ã‚’ä½¿ã£ãŸç­‹ãƒˆãƒ¬3ç¨®ï½œè…•è‚©å‘¨ã‚Šã‚’é›ãˆã‚‹ãƒˆãƒ¬ãƒ¼ãƒ‹ãƒ³ã‚¯ã‚™","https://www.youtube.com/watch?v=FVkqntoOeac&list=PL081Qy7d3NdtPig-XYxOXZFgFe7HhoDUL&index=2&pp=iAQB"
"https://img.youtube.com/vi/xMAGvn4s8Tg/sddefault.jpg","ã‚µã‚¤ãƒˆã‚™ãƒ¬ã‚¤ã‚¹ã‚™ã®æ­£ã—ã„ã‚„ã‚Šæ–¹ï½œè‚©ã®ç­‹è‚‰ã‚’åŠ¹æœçš„ã«é›ãˆã‚‹","https://www.youtube.com/watch?v=xMAGvn4s8Tg&list=PL081Qy7d3NdtPig-XYxOXZFgFe7HhoDUL&index=3&pp=iAQB"
"https://img.youtube.com/vi/vuC3JEkgFVU/sddefault.jpg","è»½ã„ã‚¿ã‚™ãƒ³ãƒ˜ã‚™ãƒ«ã¦ã‚™ã‚‚åŠ¹ã‹ã›ã‚‹ï¼è‚©ã®ãƒˆãƒ¬ãƒ¼ãƒ‹ãƒ³ã‚¯ã‚™ã€å…¬å¼ã€‘","https://www.youtube.com/watch?v=vuC3JEkgFVU&list=PL081Qy7d3NdtPig-XYxOXZFgFe7HhoDUL&index=4&pp=iAQB"
"https://img.youtube.com/vi/uHaetTkx-_g/sddefault.jpg","ã‚¿ã‚™ãƒ³ãƒ˜ã‚™ãƒ«ã‚·ãƒ§ãƒ«ã‚¿ã‚™ãƒ¼ãƒ•ã‚šãƒ¬ã‚¹ã®æ­£ã—ã„ã‚„ã‚Šæ–¹ï½œè‚©ã‚’é›ãˆã‚‹ã®ã«ã‚ªã‚¹ã‚¹ãƒ¡","https://www.youtube.com/watch?v=uHaetTkx-_g&list=PL081Qy7d3NdtPig-XYxOXZFgFe7HhoDUL&index=5&pp=iAQB"
"https://img.youtube.com/vi/ZVqQtbhQbC0/sddefault.jpg","ã€åˆå¿ƒè€…å‘ã‘ã€‘ã‚·ã‚™ãƒ ã¦ã‚™ãŠã™ã™ã‚ã®ãƒã‚·ãƒ³ãƒˆãƒ¬ãƒ¼ãƒ‹ãƒ³ã‚¯ã‚™ï½œä¸ŠåŠèº«ã€3ç¨®ç›®ã€‘","https://www.youtube.com/watch?v=ZVqQtbhQbC0&list=PL081Qy7d3NdtPig-XYxOXZFgFe7HhoDUL&index=7&pp=iAQB"
"https://img.youtube.com/vi/IFf1lRv2LoE/sddefault.jpg","ã‚¿ã‚™ãƒ³ãƒ˜ã‚™ãƒ«ã‚’ä½¿ã£ãŸç­‹ãƒˆãƒ¬ï½œèƒ¸ç­‹ã€å…¬å¼ã€‘","https://www.youtube.com/watch?v=IFf1lRv2LoE&list=PL081Qy7d3NdschWQL6vO4bhaJ_ro2iIVm&index=1&pp=iAQB"
"https://img.youtube.com/vi/Es9fZ-oejCo/sddefault.jpg","è…•ç«‹ã¦ä¼ã›ã®åŠ¹æœã‚’æœ€å¤§é™ã«å¼•ãå‡ºã™3ã¤ã®æ–¹æ³•","https://www.youtube.com/watch?v=Es9fZ-oejCo&list=PL081Qy7d3NdschWQL6vO4bhaJ_ro2iIVm&index=4&pp=iAQB"
"https://img.youtube.com/vi/UbbF23XtF84/sddefault.jpg","è…•ç«‹ã¦ä¼ã›ã®ç¨®é¡ã¨åŠ¹æœ","https://www.youtube.com/watch?v=UbbF23XtF84&list=PL081Qy7d3NdschWQL6vO4bhaJ_ro2iIVm&index=6&pp=iAQB"
"https://img.youtube.com/vi/XiSnqxqKgek/sddefault.jpg","ãƒ•ã‚šãƒƒã‚·ãƒ¥ã‚¢ãƒƒãƒ•ã‚šãƒã‚™ãƒ¼ã‚’ä½¿ã£ãŸä¸ŠåŠèº«ã®ãƒˆãƒ¬ãƒ¼ãƒ‹ãƒ³ã‚¯ã‚™ãƒ¡ãƒ‹ãƒ¥ãƒ¼6ç¨®ç›®ã€å…¬å¼ã€‘","https://www.youtube.com/watch?v=XiSnqxqKgek&list=PL081Qy7d3NdschWQL6vO4bhaJ_ro2iIVm&index=7&pp=iAQB"
"https://img.youtube.com/vi/d3ffO68pQhU/sddefault.jpg","è…•ç«‹ã¦ä¼ã›ã‹ã‚™ã¦ã‚™ããªã„äººå¿…è¦‹ï¼åˆå¿ƒè€…ã«ã‚ªã‚¹ã‚¹ãƒ¡ã®ãƒˆãƒ¬ãƒ¼ãƒ‹ãƒ³ã‚¯ã‚™ã€5ç¨®ç›®ã€‘","https://www.youtube.com/watch?v=d3ffO68pQhU&list=PL081Qy7d3NdschWQL6vO4bhaJ_ro2iIVm&index=11&pp=iAQB"
"https://img.youtube.com/vi/COY3JsfqTuU/sddefault.jpg","ãƒ†ã‚™ã‚£ãƒƒãƒ•ã‚šã‚¹ã®åŠ¹æœçš„ãªã‚„ã‚Šæ–¹ï½œå¤§èƒ¸ç­‹ã‚’é›ãˆã‚‹3ã¤ã®ãƒ›ã‚šã‚¤ãƒ³ãƒˆ","https://www.youtube.com/watch?v=COY3JsfqTuU&list=PL081Qy7d3NdschWQL6vO4bhaJ_ro2iIVm&index=14&pp=iAQB"
"https://img.youtube.com/vi/ZmN056TPPIM/sddefault.jpg","å¤§èƒ¸ç­‹ã®ç­‹ãƒˆãƒ¬ï½œåˆå¿ƒè€…å‘ã‘ã®è‡ªé‡ãƒˆãƒ¬ãƒ¼ãƒ‹ãƒ³ã‚¯ã‚™ã€7åˆ†é–“ã€‘","https://www.youtube.com/watch?v=ZmN056TPPIM&list=PL081Qy7d3NdschWQL6vO4bhaJ_ro2iIVm&index=17&pp=iAQB"
"https://img.youtube.com/vi/xhTqpgB1mZA/sddefault.jpg","é€²åŒ–ã—ãŸä½“ã®ç§˜å¯†ã€‚è…•ãƒˆãƒ¬ãƒ¼ãƒ‹ãƒ³ã‚°ã®å…¨ã¦ã€å¤§ä¼šã¾ã§12æ—¥ã€‘","https://www.youtube.com/watch?v=xhTqpgB1mZA"
"https://img.youtube.com/vi/me3SBW7RMxA/sddefault.jpg","1700kcalã§æœ€å¾Œã®ã€Œçµã‚Šã€ã‚’å®Ÿç¾ã™ã‚‹æ¸›é‡æœ«æœŸã€‚ã€å¤§ä¼š12æ—¥å‰ã€‘","https://www.youtube.com/watch?v=me3SBW7RMxA"
"https://img.youtube.com/vi/0WwTBKG8lU8/sddefault.jpg","ã€24æ™‚é–“ã€‘105kgã®ç”·ã«ã€Œæ¸›é‡æœ«æœŸã®é£Ÿäº‹ã€ã‚’å¼·åˆ¶ã—ãŸã‚‰ç—©ã›ã‚‹ã®ã‹ï¼Ÿ","https://www.youtube.com/watch?v=0WwTBKG8lU8"
"https://img.youtube.com/vi/u9xNb_y-c5w/sddefault.jpg","ã€å®Ÿä½“é¨“ã€‘ã©ã‚“ã©ã‚“å¤ªã‚‹â€¦è¶…å±é™ºãªã¿ã‚“ãªé£Ÿã¹ã¦ã‚‹æœã”ã¯ã‚“","https://www.youtube.com/watch?v=u9xNb_y-c5w"
"https://img.youtube.com/vi/Ud6G9HOpznI/sddefault.jpg","æ™®æ®µé£Ÿã¹ç„¡ããªã‚Šã€ãã®ä»£ã‚ã‚Šã«é£Ÿã¹ã¦ã„ã‚‹ã‚‚ã®7é¸ï¼","https://www.youtube.com/watch?v=Ud6G9HOpznI"
"https://img.youtube.com/vi/_vR_6c65Jck/sddefault.jpg","è„‚è‚ªã‚’è½ã¨ã™ãŸã‚ã«ã‚«ãƒ­ãƒªãƒ¼ã¨æ‘‚ã‚‹æ™‚é–“ã‚’å…¨ã¦å‹•ç”»ã«ã—ã¾ã™ã€‚å¤§ä¼š5æ—¥å‰ã®å…¨ã¦ã®é£Ÿäº‹ã€‚","https://www.youtube.com/watch?v=_vR_6c65Jck"
"https://img.youtube.com/vi/PoKWEKY5lTg/sddefault.jpg","ã€ç©ºè…¹ã‚¼ãƒ­ã§ç—©ã›ã‚‹ã€‘ç¥é£Ÿå“13é¸ã§ãƒ€ã‚¤ã‚¨ãƒƒãƒˆæˆåŠŸã•ã›ã‚‹ãï¼","https://www.youtube.com/watch?v=PoKWEKY5lTg"
"https://img.youtube.com/vi/9e29r--lBy4/sddefault.jpg","ãƒ€ã‚¤ã‚¨ãƒƒãƒˆæˆåŠŸã®ãŸã‚ã®ã€Œçµ¶å¯¾å®ˆã‚‹ãƒ«ãƒ¼ãƒ«ã€ã¯ã“ã‚Œã ï¼","https://www.youtube.com/watch?v=9e29r--lBy4"
"https://img.youtube.com/vi/beExmUUyNqc/sddefault.jpg","ã“ã®1é€±é–“ã®ç­‹ãƒˆãƒ¬ãƒ¡ãƒ‹ãƒ¥ãƒ¼ã§ãƒ‡ã‚«ããªã‚Šã¾ã—ãŸã€‚","https://www.youtube.com/watch?v=beExmUUyNqc"
"https://img.youtube.com/vi/zh0WzDFNYW4/sddefault.jpg","æ ¹æ€§ãªã—ãŒã“ã®ä½“ã«ãªã£ãŸ1æ—¥ã®æµã‚Œã¨ç­‹ãƒˆãƒ¬","https://www.youtube.com/watch?v=zh0WzDFNYW4"
"https://img.youtube.com/vi/-Is44yj78p8/sddefault.jpg","ãƒ“ã‚­ãƒ‹å¥³ç‹ãƒ€ãƒ³ã‚·ãƒ¼ã‚ãšã•ã«èãï¼ã‚¦ã‚¨ã‚¹ãƒˆã‚’ç´°ãä¿ã¤æ–¹æ³•ã¯ï¼Ÿ","https://www.youtube.com/watch?v=-Is44yj78p8"
"https://img.youtube.com/vi/m43rzWc4yIA/sddefault.jpg","ã€ç­‹ãƒˆãƒ¬ã€‘åˆã‚ã¦ã‚¸ãƒ ã¸é€šã†å¥³æ€§ã¸ï¼ã‚ªã‚¹ã‚¹ãƒ¡ç¨®ç›®5é¸ï¼","https://www.youtube.com/watch?v=m43rzWc4yIA"
"https://img.youtube.com/vi/CmHQzvjrwt8/sddefault.jpg","ãƒ€ã‚¤ã‚¨ãƒƒãƒˆä¸­ã®å¥³å­ãƒˆãƒ¬ãƒ¼ãƒŠãƒ¼ã®1æ—¥ã®é£Ÿäº‹ã€æ—¥å¸¸ã€‘ã€ãƒ«ãƒ¼ãƒ†ã‚£ãƒ³ã€‘","https://www.youtube.com/watch?v=CmHQzvjrwt8"
"https://img.youtube.com/vi/DvoSheel_C8/sddefault.jpg","Jinã•ã‚“è§£èª¬ï¼ãƒã‚¹ãƒˆã‚¢ãƒƒãƒ—ã®èƒ¸ãƒˆãƒ¬4ç¨®ç›®ã€ç­‹ãƒˆãƒ¬å¥³å­ã€‘","https://www.youtube.com/watch?v=DvoSheel_C8"
"https://img.youtube.com/vi/QYRNWXJcgqc/sddefault.jpg","ã€é‹å‹•è¦‹ç›´ã—ã€‘å¥³æ€§ã‚‰ã—ã„ç¨‹ã‚ˆã„ä½“ã‚’è¿½æ±‚ã—ã¦ã¿ãŸçµæœã“ã†ãªã‚Šã¾ã—ãŸ","https://www.youtube.com/watch?v=QYRNWXJcgqc"
"https://img.youtube.com/vi/fsYAZlyzFKU/sddefault.jpg","ã€ç­‹ãƒˆãƒ¬å¥³å­ã€‘ã‚¸ãƒ ã§è¡Œã†ç­‹ãƒˆãƒ¬ã®ä¸€éƒ¨ã‚’ç´¹ä»‹ã—ã¾ã™ï¼ãƒ«ãƒ¼ãƒ†ã‚£ãƒ³ã¨ç¨®ç›®","https://www.youtube.com/watch?v=fsYAZlyzFKU"
"https://img.youtube.com/vi/hsivfcT3ceg/sddefault.jpg","ç«‹ä½“æ„Ÿã®ã‚ã‚‹èƒŒä¸­ã¾ã‚ã‚Šã‚’ã¤ãã‚‹ãƒ¡ãƒ‹ãƒ¥ãƒ¼","https://www.youtube.com/watch?v=hsivfcT3ceg"
"https://img.youtube.com/vi/ANObtGRomYg/sddefault.jpg","ã€ä¸‹å°»ãƒˆãƒ¬ã€‘å¤ªã‚‚ã‚‚ã¨ãŠå°»ã®å¢ƒç›®ã‚’ä½œã‚‹ï¼ãŠå°»ä¸‹éƒ¨ã®ç­‹ãƒˆãƒ¬ï¼","https://www.youtube.com/watch?v=ANObtGRomYg"
"https://img.youtube.com/vi/upbMaKNR4Sg/sddefault.jpg","ã€ç­‹ãƒˆãƒ¬å¥³å­ã€‘æ™®æ®µè¡Œã†è„šãƒˆãƒ¬ãƒ¼ãƒ‹ãƒ³ã‚°ã‚’ç´¹ä»‹ã—ã¾ã™ï¼","https://www.youtube.com/watch?v=upbMaKNR4Sg"
"https://img.youtube.com/vi/zJrAe_aPucM/sddefault.jpg","ã€å…¨èº«ãƒˆãƒ¬ãƒ¼ãƒ‹ãƒ³ã‚°ã€‘ã‚«ãƒ­ãƒªãƒ¼æ¶ˆè²»ã®å¤šã„ç­‹ãƒˆãƒ¬ãƒ¡ãƒ‹ãƒ¥ãƒ¼ï¼","https://www.youtube.com/watch?v=zJrAe_aPucM"
"https://img.youtube.com/vi/nbwgaj_PmAA/sddefault.jpg","ã€æ¿€å¤‰ãƒ“ãƒ•ã‚©ãƒ¼ã‚¢ãƒ•ã‚¿ãƒ¼ã€‘ã‚±ãƒˆã‚¸ã‚§ãƒ‹ãƒƒã‚¯ãƒ€ã‚¤ã‚¨ãƒƒãƒˆ2é€±é–“ãƒãƒ£ãƒ¬ãƒ³ã‚¸","https://www.youtube.com/watch?v=nbwgaj_PmAA"
"https://img.youtube.com/vi/rja_clyOupU/sddefault.jpg","ã€é–²è¦§æ³¨æ„ã€‘ä½“è„‚è‚ªï¼•%ä»¥ä¸‹ï¼ï¼Ÿçµã‚Šåˆ‡ã‚‹ãŸã‚ã«å¿…è¦ãªå”¯ä¸€ã®æ–¹æ³•","https://www.youtube.com/watch?v=rja_clyOupU"
"https://img.youtube.com/vi/4n3fMhK9hEg/sddefault.jpg","ã€å…¨ãƒˆãƒ¬ãƒ¼ãƒ‹ãƒ¼å¿…è¦‹ï¼ã€‘å±±æœ¬ç¾©å¾³å…ˆç”Ÿã«ã‚±ãƒˆã‚¸ã‚§ãƒ‹ãƒƒã‚¯ãƒ€ã‚¤ã‚¨ãƒƒãƒˆã®ç–‘å•ã‚’ã¶ã¤ã‘ã¦ã¿ãŸï¼ã€è¶…æœ‰æ–™ç´šã€‘","https://www.youtube.com/watch?v=4n3fMhK9hEg"
"https://img.youtube.com/vi/BE9ya1tUroA/sddefault.jpg","ã€ãƒ•ãƒ«é£Ÿã€‘ç­‹è‚‰ã‚’ã¤ã‘ãªãŒã‚‰ç„¡é§„ãªè„‚è‚ªã¯ã¤ã‘ãªã„1æ—¥ã®é£Ÿäº‹","https://www.youtube.com/watch?v=BE9ya1tUroA"
"https://img.youtube.com/vi/be9xoVJY2yw/sddefault.jpg","ã€ç¢ºå®Ÿã«ç—©ã›ã‚‹â€¼ï¸ã€‘æ­£ã—ã„æœ‰é…¸ç´ ã®å–ã‚Šå…¥ã‚Œæ–¹&ã€è„‚è‚ªç‡ƒç„¼åŠ¹ç‡æœ€å¼·ã€ã®æœ‰é…¸ç´ ã¨ã¯ï¼","https://www.youtube.com/watch?v=be9xoVJY2yw"
"https://img.youtube.com/vi/SNiJv4EVvxI/sddefault.jpg","ã€ãƒ€ãƒ³ãƒ™ãƒ«ã®ã¿ï¼æ™‚çŸ­ï¼ã€‘34æ­³ä¼šç¤¾å“¡ãƒ•ã‚£ã‚¸ãƒ¼ã‚¯ãƒãƒ£ãƒ³ãƒ”ã‚ªãƒ³ã®èƒ¸ãƒ»è…¹ç­‹ãƒˆãƒ¬ï¼†é£Ÿäº‹ãƒ«ãƒ¼ãƒ†ã‚£ãƒ³","https://www.youtube.com/watch?v=SNiJv4EVvxI"
"https://img.youtube.com/vi/Wtn_HAjb4wo/sddefault.jpg","ã€ã‚ãªãŸã¯å¤§ä¸ˆå¤«ï¼Ÿã€‘ã¿ã‚“ãªã‚„ã‚ŠãŒã¡ãªç„¡é§„ãªç­‹ãƒˆãƒ¬ã¨ã¯ï¼Ÿã€å¾¹åº•è§£èª¬ã€‘","https://www.youtube.com/watch?v=Wtn_HAjb4wo"
"https://img.youtube.com/vi/IVFdFTJS0T4/sddefault.jpg","ã€é€ƒã’ã¡ã‚ƒãƒ€ãƒ¡ã ï¼ã€‘ã¿ã‚“ãªãŒè„šãƒˆãƒ¬ã‚’ã‚„ã‚‹ã¹ãæœ¬å½“ã®ç†ç”±ã¨ç°¡å˜ã«ã‚„ã‚Šåˆ‡ã‚‹ãƒ†ã‚¯ãƒ‹ãƒƒã‚¯æ•™ãˆã¾ã™ã€å¾¹åº•è§£èª¬ã€‘","https://www.youtube.com/watch?v=IVFdFTJS0T4"
"https://img.youtube.com/vi/K9woFCSroSs/sddefault.jpg","ã€å¼±ç‚¹å¼·åŒ–â€¼ï¸ã€‘34æ­³ä¼šç¤¾å“¡ãƒ•ã‚£ã‚¸ãƒ¼ã‚¯ãƒãƒ£ãƒ³ãƒ”ã‚ªãƒ³ã®èƒŒä¸­ãƒˆãƒ¬ï¼†è§£èª¬","https://www.youtube.com/watch?v=K9woFCSroSs"
"https://img.youtube.com/vi/Yur213k1wfg/sddefault.jpg","æœ€çŸ­ã§ä¸Šè…•40cmã‚’è¶…ãˆã‚‹ç‹é“ã®è…•ãƒˆãƒ¬ãƒ«ãƒ¼ãƒ†ã‚£ãƒ³ã€å³é¸6ç¨®ç›®ã€‘","https://www.youtube.com/watch?v=Yur213k1wfg"
"https://img.youtube.com/vi/yTrM46M1eA4/sddefault.jpg","ã€æ–°BIG3â‰ï¸ã€‘å±±æœ¬å…ˆç”Ÿã‹ã‚™é¸ãµã‚™ï¼ã‚³ãƒ¬ãŸã‚™ã‘ã¯ã‚„ã‚ŠãŸã„ãƒã‚¹ãƒˆç¨®ç›®","https://www.youtube.com/watch?v=yTrM46M1eA4"
"https://img.youtube.com/vi/3f9BCgXK_k4/sddefault.jpg","ã€ãƒ•ã‚£ã‚¸ãƒ¼ã‚¯ãƒãƒ£ãƒ³ãƒ—ã€‘ã‚µãƒ©ãƒªãƒ¼ãƒãƒƒãƒãƒ§ã®åˆãƒˆãƒ¬æ¸›é‡ãƒ«ãƒ¼ãƒ†ã‚£ãƒ³ã€ç­‹ãƒˆãƒ¬Ã—ä¼šç¤¾å“¡ã€‘Vol.15","https://www.youtube.com/watch?v=3f9BCgXK_k4"
"https://img.youtube.com/vi/bXe4DWC6ISU/sddefault.jpg","ãƒ‡ãƒƒãƒ‰ãƒªãƒ•ãƒˆã§èƒŒä¸­ã‹ã‚™æ›²ã‹ã‚™ã‚‹æ ¹æœ¬çš„ãªåŸå› ã¨ãã®å¯¾ç­–æ–¹æ³•ã€ç­‹ãƒˆãƒ¬ã€‘","https://www.youtube.com/watch?v=bXe4DWC6ISU"
"https://img.youtube.com/vi/ZVqJkuaLyMo/sddefault.jpg","é€±ã«2å›45åˆ†ä»¥ä¸‹ã§åŠ¹ç‡ã‚ˆãç­‹è‚¥å¤§ã™ã‚‹ãŸã‚ã®ãƒŸãƒ‹ãƒãƒªã‚¹ãƒˆã‚¸ãƒ ãƒ¡ãƒ‹ãƒ¥ãƒ¼ã€ç­‹ãƒˆãƒ¬ã€‘","https://www.youtube.com/watch?v=ZVqJkuaLyMo"
"https://img.youtube.com/vi/5CV8xVMUt-8/sddefault.jpg","ç­‹ãƒˆãƒ¬åŠ¹ç‡ãŒã‚¢ãƒƒãƒ—ã™ã‚‹ãƒˆãƒ¬ãƒ¼ãƒ‹ãƒ¼ãŒè²·ã†ã¹ãå®¶é›»6é¸ã€ç­‹ãƒˆãƒ¬ã€‘","https://www.youtube.com/watch?v=5CV8xVMUt-8"
"https://img.youtube.com/vi/e5hyg-pUTM0/sddefault.jpg","ãƒˆãƒ¬ãƒ¼ãƒ‹ãƒ³ã‚°ã®æ‰èƒ½ãŒã‚ã‚‹ã‹ã®è¦‹åˆ†ã‘æ–¹ï¼ç­‹ãƒˆãƒ¬ä¸å¤ªè©±#12","https://www.youtube.com/watch?v=e5hyg-pUTM0"
"https://img.youtube.com/vi/pvNw9XkTW2M/sddefault.jpg","ã€ãã‚ŒNGã§ã™ã€‘ãƒ‡ãƒƒãƒ‰ãƒªãƒ•ãƒˆï¼š4ã¤ã®ã‚¨ãƒ©ãƒ¼å‹•ä½œã¨æ”¹å–„æ–¹æ³•","https://www.youtube.com/watch?v=pvNw9XkTW2M"
"https://img.youtube.com/vi/dCgQ2-i4R2g/sddefault.jpg","ãƒãƒ¼ãƒ™ãƒ«ãƒ­ã‚¦ã¯æ™‚é–“ã®ç„¡é§„ï¼Ÿã€ç­‹ãƒˆãƒ¬ã€‘","https://www.youtube.com/watch?v=dCgQ2-i4R2g"
"https://img.youtube.com/vi/_QbTT1Y4Ba8/sddefault.jpg","å¤§è°·ç¿”å¹³ã®ãƒˆãƒ¬ãƒ¼ãƒ‹ãƒ³ã‚°ãŒã„ã‹ã«ç´ æ™´ã‚‰ã—ã„ã‹è§£èª¬ã™ã‚‹ã€ç­‹ãƒˆãƒ¬ã€‘","https://www.youtube.com/watch?v=_QbTT1Y4Ba8"
"https://img.youtube.com/vi/EUgKARq8eTQ/sddefault.jpg","ãƒ©ãƒƒãƒˆãƒ•ã‚šãƒ«ã‚¿ã‚™ã‚¦ãƒ³ã¦ã‚™åºƒèƒŒç­‹ã‚’é›ãˆã‚‹ã®ã«æœ€ã‚‚é©ã—ãŸã‚¯ã‚™ãƒªãƒƒãƒ•ã‚šã¯ï¼Ÿã€ç­‹ãƒˆãƒ¬ã€‘","https://www.youtube.com/watch?v=EUgKARq8eTQ"
"https://img.youtube.com/vi/1d3vrR5_Qj8/sddefault.jpg","ç­‹ãƒˆãƒ¬åˆå¿ƒè€…é™¥ã‚ŠãŒã¡ï¼é¿ã‘ã‚‹ã¹ãéã¡ã‚’3ã¤ç´¹ä»‹ã—ã¾ã™ã€çµŒé¨“è«‡ã€‘","https://www.youtube.com/watch?v=1d3vrR5_Qj8"
"https://img.youtube.com/vi/WuF3TLtUjmA/sddefault.jpg","ãƒˆãƒ¬ãƒ¼ãƒ‹ãƒ³ã‚°ã§å¿…é ˆãª6ç¨®ç›®ï¼ãƒˆãƒ¬ãƒ¼ãƒ‹ãƒ³ã‚°ç¨®ç›®ã¯ã€Œå‹•ãã€ã§ã‚‚è€ƒãˆã‚ˆã†ã€ç­‹ãƒˆãƒ¬ã€‘","https://www.youtube.com/watch?v=WuF3TLtUjmA"
"https://img.youtube.com/vi/bDSfYKwZ7Po/sddefault.jpg","ã‚¸ãƒ ã§è¦‹ã‹ã‘ãŸã€Œç­‹è‚¥å¤§ã—ãªã•ãã†ãªäººã€ã®ç‰¹å¾´5é¸ï¼‹æ”¹å–„æ–¹æ³•ï¼ã€ç­‹ãƒˆãƒ¬ã€‘","https://www.youtube.com/watch?v=bDSfYKwZ7Po"
"https://img.youtube.com/vi/nf9K96E39ss/sddefault.jpg","ç§‘å­¦çš„æ ¹æ‹ ã«åŸºã¤ã‚™ãç­‹è‚¥å¤§ãƒˆãƒ¬ãƒ¼ãƒ‹ãƒ³ã‚°ã‚¬ã‚¤ãƒ‰ã€ç­‹ãƒˆãƒ¬ã€‘","https://www.youtube.com/watch?v=nf9K96E39ss"
"https://img.youtube.com/vi/olsYx-z9V4M/sddefault.jpg","ç­‹è‚¥å¤§ãƒ»ç­‹åŠ›UPã‚’ç›®æŒ‡ã™ãªã‚‰å¿…ãšã‚„ã£ã¦ãŠããŸã„10ç¨®ç›®ï¼ã€ç­‹ãƒˆãƒ¬ã€‘","https://www.youtube.com/watch?v=olsYx-z9V4M"
"https://img.youtube.com/vi/MuaSbV_7lfk/sddefault.jpg","ã€é€±23å›ã®æ–¹å‘ã‘ãƒã‚¹ãƒˆãƒ¡ãƒ‹ãƒ¥ãƒ¼ã€‘ã‚¸ãƒ é€šã„ãŒé€±ã«23å›ã®æ–¹ã€ç­‹ãƒˆãƒ¬ã«æ…£ã‚Œã¦ããŸæ–¹å‘ã‘ã®ãƒã‚¹ãƒˆãƒ¡ãƒ‹ãƒ¥ãƒ¼ï¼","https://www.youtube.com/watch?v=MuaSbV_7lfk"
"https://img.youtube.com/vi/__DuSb-8bYY/sddefault.jpg","ã€ã‚¸ãƒ å§‹ã‚ãŸã¦ã®æ–¹å‘ã‘ï¼ï¼ã€‘ãƒã‚¹ãƒˆç¨®ç›®ã‚’ã”ç´¹ä»‹â™ª","https://www.youtube.com/watch?v=__DuSb-8bYY"
"https://img.youtube.com/vi/ye9VfX0hwbU/sddefault.jpg","ã€æ¯æ—¥ãŸã£ãŸï¼“åˆ†ã€‘ï¼“ï¼æ—¥ã§è…¹ç­‹å‰²ã‚‹ï¼ã“ã®è…¹ç­‹ã ã‘ã§å¤§ä¸ˆå¤«â™ª","https://www.youtube.com/watch?v=ye9VfX0hwbU"
"https://img.youtube.com/vi/STGsQ2ewyeQ/sddefault.jpg","ã€è…¹ç­‹ã€‘ï¼•åˆ†é–“ç§ã¨ä¸€ç·’ã«è…¹ç­‹ã—ã¾ã—ã‚‡ã†ï¼","https://www.youtube.com/watch?v=STGsQ2ewyeQ"
"https://img.youtube.com/vi/VljhWyqD7YE/sddefault.jpg","ã€è…•ãƒˆãƒ¬ï¼ã€‘ç­‹ãƒˆãƒ¬å¥³å­ã®ã‚ã‚‹æ—¥ã®è…•ãƒˆãƒ¬ãƒ¡ãƒ‹ãƒ¥ãƒ¼ï¼","https://www.youtube.com/watch?v=VljhWyqD7YE"
"https://img.youtube.com/vi/y14myUsAnYM/sddefault.jpg","ã€ãƒ€ã‚¤ã‚¨ãƒƒãƒˆä¸­ã®ãƒ•ãƒ«é£Ÿã€‘ãƒ“ãƒ•ã‚©ãƒ¼ã‚¢ãƒ•ã‚¿ãƒ¼ã‚‚ã”ç´¹ä»‹â™ª","https://www.youtube.com/watch?v=y14myUsAnYM"
"https://img.youtube.com/vi/b21nnbzegyM/sddefault.jpg","ã€çŸ­æ™‚é–“ã§è„‚è‚ªç‡ƒç„¼ã€‘ä»Šæ³¨ç›®ã®æ™‚çŸ­ãƒˆãƒ¬ãƒ¼ãƒ‹ãƒ³ã‚°ï¼","https://www.youtube.com/watch?v=b21nnbzegyM"
"https://img.youtube.com/vi/2uUPWBvFB1I/sddefault.jpg","ã€10åˆ†é–“ãƒˆãƒ¬ã€‘ä¸€ç·’ã«å…¨èº«ã‚’é›ãˆã¾ã—ã‚‡ã†ï¼","https://www.youtube.com/watch?v=2uUPWBvFB1I"
"https://img.youtube.com/vi/vYbB5EL7TFc/sddefault.jpg","ã€è„šãƒˆãƒ¬ã¨æœé£Ÿã€‘ãŠå°»ã«ãƒ•ã‚©ãƒ¼ã‚«ã‚¹ã—ãŸè„šãƒˆãƒ¬ã¨ã‚ªãƒ•ã‚·ãƒ¼ã‚ºãƒ³ä¸­ã®æœé£Ÿâ™ª","https://www.youtube.com/watch?v=vYbB5EL7TFc"
"https://img.youtube.com/vi/vVLSbV6kfFc/sddefault.jpg","ã€åˆå¿ƒè€…ã§ã‚‚ã‚ã‹ã‚‹ï¼ã€‘ç¢ºå®Ÿã«ã§ãã‚‹ï¼ã‚¸ãƒ ã§ã¨ã‚Šã‚ãˆãšã“ã‚Œã‚’ã‚„ã£ã¦ãŠã‘ï¼","https://www.youtube.com/watch?v=vVLSbV6kfFc"
"https://img.youtube.com/vi/FGb8zXYmFfw/sddefault.jpg","ã€ç¾å°»ãƒ—ãƒ­ç›´ä¼ğŸ‘ã€‘ç¢ºå®Ÿã«ç¾å°»ã«ãªã‚Œã‚‹ï¼ï¼Ÿãƒ’ãƒƒãƒ—ã‚¢ãƒƒãƒ—ãƒˆãƒ¬ãƒ¼ãƒ‹ãƒ³ã‚°ï¼","https://www.youtube.com/watch?v=FGb8zXYmFfw"
"https://img.youtube.com/vi/E-kY8XxyY0w/sddefault.jpg","ã€åˆå¿ƒè€…ã§ã‚‚ã‚ã‹ã‚‹ï¼ã€‘ã¨ã‚Šã‚ãˆãšã“ã‚Œã‚’ã‚„ã£ã¦ãŠã‘ï¼ã‚¸ãƒ ã§ä½•ã—ãŸã‚‰ã„ã„ã‹ã‚ã‹ã‚‰ãªã„äººã®ãŸã‚ã®ãƒ¡ãƒ‹ãƒ¥ãƒ¼","https://www.youtube.com/watch?v=E-kY8XxyY0w"
"https://img.youtube.com/vi/dS5ltWwru2o/sddefault.jpg","ã€æœ¬æ°—ã®ç­‹ãƒˆãƒ¬ã€‘æœ¬æ°—ã®ãŠå°»ãƒˆãƒ¬ãƒ¼ãƒ‹ãƒ³ã‚°ï¼é«˜ã•ã®ã‚ã‚‹ãŠå°»ã®ä½œã‚Šæ–¹","https://www.youtube.com/watch?v=dS5ltWwru2o"
"https://img.youtube.com/vi/0aBGx_XdxRo/sddefault.jpg","ã€100%å¤‰ã‚ã‚‹ã€‘ç¾ãã³ã‚Œã‚’ä½œã‚‹è…¹ç­‹ï¼ï¼","https://www.youtube.com/watch?v=0aBGx_XdxRo"
"https://img.youtube.com/vi/_MpxvZJ8egk/sddefault.jpg","ã€åˆå¿ƒè€…ã§ã‚‚ã‚ã‹ã‚‹ï¼ã€‘é€±2å›ã—ã‹ã‚¸ãƒ ã¸è¡Œã‘ãªã„äººã®ç‚ºã®ãƒ¡ãƒ‹ãƒ¥ãƒ¼ã€œ2æ—¥ç›®ä¸‹åŠèº«ã€œ","https://www.youtube.com/watch?v=_MpxvZJ8egk"
"https://img.youtube.com/vi/xPbA574Wuj4/sddefault.jpg","ãƒ—ãƒ­ãƒ†ã‚¤ãƒ³ãªã®ã«ã‚¸ãƒ¥ãƒ¼ã‚¹ã¿ãŸã„â—ï¸ã€ãƒã‚¤ãƒ—ãƒ­ãƒ†ã‚¤ãƒ³ã€‘ã‚¯ãƒªã‚¢ãƒ›ã‚¨ã‚¤ã‚¢ã‚¤ã‚½ãƒ¬ãƒ¼ãƒˆæ­£ç›´ãƒ¬ãƒï¼","https://www.youtube.com/watch?v=xPbA574Wuj4"
"https://img.youtube.com/vi/yzN4Vgo35pA/sddefault.jpg","ã€ãƒ€ã‚¤ã‚¨ãƒƒãƒˆã€‘ä½“è„‚è‚ªç‡40%ã ã£ãŸç§ãŒå¾¹åº•è§£èª¬ï¼ç­‹ãƒˆãƒ¬ã¨æœ‰é…¸ç´ ã©ã£ã¡ãŒç—©ã›ã‚‹ï¼Ÿ","https://www.youtube.com/watch?v=yzN4Vgo35pA"
"https://img.youtube.com/vi/1fD2nhqQ3hM/sddefault.jpg","ã€ãŠè…¹ç—©ã›ã€‘ç¢ºå®Ÿã«åŠ¹æœã®å‡ºã‚‹è…¹ç­‹ï¼6åˆ†å¾Œæœ€é«˜ã®æ°—åˆ†ã«ãªã‚‹ã‹ã‚‰é¨™ã•ã‚ŒãŸã¨æ€ã£ã¦ã‚„ã£ã¦ã¿ã¦ï¼ï¼ï¼","https://www.youtube.com/watch?v=1fD2nhqQ3hM"
"https://img.youtube.com/vi/FGb8zXYmFfw/sddefault.jpg","ã€ç¾å°»ãƒ—ãƒ­ç›´ä¼ğŸ‘ã€‘ç¢ºå®Ÿã«ç¾å°»ã«ãªã‚Œã‚‹ï¼ï¼Ÿãƒ’ãƒƒãƒ—ã‚¢ãƒƒãƒ—ãƒˆãƒ¬ãƒ¼ãƒ‹ãƒ³ã‚°ï¼","https://www.youtube.com/watch?v=FGb8zXYmFfw"
"https://img.youtube.com/vi/_X6gitFTf1w/sddefault.jpg","ã€20ã‚­ãƒ­ç—©ã›ã‚‹ã¾ã§ã«ã‹ã‹ã£ãŸæœŸé–“ã€‘ãƒ€ã‚¤ã‚¨ãƒƒãƒˆã«è¿‘é“ãªã‚“ã¦ãªã„ï¼","https://www.youtube.com/watch?v=_X6gitFTf1w"
"https://img.youtube.com/vi/918dzJSZeRY/sddefault.jpg","ã€ãƒ€ã‚¤ã‚¨ãƒƒãƒˆvlogã€‘20kgç—©ã›ãŸç§ã®1é€±é–“é£Ÿäº‹| é£Ÿã¹ãªãŒã‚‰ç—©ã›ã‚‹ 75kgâ†’55kg","https://www.youtube.com/watch?v=918dzJSZeRY"
"https://img.youtube.com/vi/M3Mqu_iS9ws/sddefault.jpg","ã€è„šã‚„ã›ã—ãŸæ–¹æ³•ã€‘è„šã‚„ã›ã«ã¯æ™‚é–“ã‹ã‹ã‚‹ï¼ï¼Ÿ ç­‹è‚‰ãƒ ã‚­ãƒ ã‚­75kgã‹ã‚‰55kg","https://www.youtube.com/watch?v=M3Mqu_iS9ws"
"https://img.youtube.com/vi/TRZm624_aiA/sddefault.jpg","ã€å®¶ãƒˆãƒ¬ã§ã‚‚çµ¶å¯¾åŠ¹ãã€‘ã“ã‚Œç¶šã‘ãŸã‚‰ç¢ºå®Ÿã«è„šã‚„ã›| 1æ—¥7åˆ† | ç¶™ç¶šãŒå¤§åˆ‡","https://www.youtube.com/watch?v=TRZm624_aiA"
"https://img.youtube.com/vi/KVdE21yrVLg/sddefault.jpg","ã€å†…ã‚‚ã‚‚ç—©ã›ã€‘è„šãŒç´°ããªã‚‹ã‚¸ãƒ ãƒˆãƒ¬ | ã‚¸ãƒ åˆå¿ƒè€…ã§ã‚‚å‡ºæ¥ã‚‹ï¼","https://www.youtube.com/watch?v=KVdE21yrVLg"
"https://img.youtube.com/vi/f6eFvdVikVs/sddefault.jpg","ã€åˆå¿ƒè€…ã§ã‚‚ç°¡å˜ï¼ã‚¸ãƒ ã®ãƒã‚·ãƒ³ã®ä½¿ã„æ–¹ã€‘ã‚¢ãƒ–ãƒ€ã‚¯ã‚·ãƒ§ãƒ³(ãƒ’ãƒƒãƒ—ã‚¢ãƒ€ã‚¯ã‚¿ãƒ¼)ãƒ»ã‚¢ãƒ€ã‚¯ã‚¿ãƒ¼","https://www.youtube.com/watch?v=f6eFvdVikVs"
"https://img.youtube.com/vi/9ht5WBeOtIo/sddefault.jpg","ã€ç”Ÿç†ä¸­ã®éã”ã—æ–¹ã€‘é£Ÿæ¬²çˆ†ç™ºï¼Ÿé‹å‹•ã¯ã™ã‚‹ã®ï¼Ÿ | æ‹æ„›è©±ã‚‚ãƒãƒ©ãƒƒã¨â€¦","https://www.youtube.com/watch?v=9ht5WBeOtIo"
"https://img.youtube.com/vi/Qjch8ze8sQM/sddefault.jpg","69kgã‚ã£ãŸé ƒã‹ã‚‰æ¬ ã‹ã•ãšé€šã£ã¦ã„ãŸã‚¸ãƒ ã‚’1ãƒ¶æœˆä¼‘ã‚“ã ã‚‰â€¦ï¼Ÿ","https://www.youtube.com/watch?v=Qjch8ze8sQM"
"https://img.youtube.com/vi/mxWpx42T56I/sddefault.jpg","æ°—ã«ãªã‚‹ä¸‹è…¹éƒ¨å‡¹ã¾ã›ã‚‹ï¼1æ—¥5åˆ† | ã½ã£ã“ã‚ŠãŠè…¹è§£æ¶ˆ","https://www.youtube.com/watch?v=mxWpx42T56I"
"https://img.youtube.com/vi/M7r9v0yQGbQ/sddefault.jpg","ã¾ã ã‚„ã£ã¦ãªã„ã®ï¼Ÿèƒ¸ãŒå¤§ãããªã‚‹ãƒˆãƒ¬ãƒ¼ãƒ‹ãƒ³ã‚°ã€ãƒã‚¹ãƒˆã‚¢ãƒƒãƒ—ã€‘","https://www.youtube.com/watch?v=M7r9v0yQGbQ"
"https://img.youtube.com/vi/ELkc3M5T300/sddefault.jpg","ã€10åˆ†é–“ã€‘æœ€å¼·ã®ãƒã‚¹ãƒˆã‚¢ãƒƒãƒ—ç­‹ãƒˆãƒ¬ã§æ†§ã‚Œãƒœãƒ‡ã‚£ã‚’â™¡ã€ã‚¢ãƒ©ã‚µãƒ¼å‘ã‘ã€‘","https://www.youtube.com/watch?v=ELkc3M5T300"
"https://img.youtube.com/vi/_lShbLCQy6g/sddefault.jpg","ã€ç¾è„šä½œã‚Šã€‘ã‚¸ãƒ ã§ã§ãã‚‹å¥³æ€§å‘ã‘ãƒã‚·ãƒ³ãƒˆãƒ¬ãƒ¼ãƒ‹ãƒ³ã‚°ã€ç­‹ãƒˆãƒ¬å¥³å­ã€‘","https://www.youtube.com/watch?v=_lShbLCQy6g"
"https://img.youtube.com/vi/V7fJjoBiMBM/sddefault.jpg","å¥³æ€§ã«ãŠã™ã™ã‚ã®èƒŒä¸­ã®ã‚¸ãƒ ãƒˆãƒ¬â™ªãã³ã‚Œä½œã‚Šãƒ»ãƒã‚¹ãƒˆã‚¢ãƒƒãƒ—ã«ã‚‚æ¬ ã‹ã›ãªã„ãƒ¡ãƒ‹ãƒ¥ãƒ¼","https://www.youtube.com/watch?v=V7fJjoBiMBM"
"https://img.youtube.com/vi/BdhD8of_uvw/sddefault.jpg","ã€4åˆ†é–“ã€‘ãƒãƒ¥ãƒ¼ãƒ–ãƒˆãƒ¬ãƒ¼ãƒ‹ãƒ³ã‚°ã§ç¾å°»ä½œã‚Šâ™ªã€ãƒˆãƒ¬ãƒ¼ãƒ‹ãƒ³ã‚°ãƒãƒ¥ãƒ¼ãƒ–ã€‘","https://www.youtube.com/watch?v=BdhD8of_uvw"
"https://img.youtube.com/vi/8OnYhyzJdb0/sddefault.jpg","ãƒ€ã‚¤ã‚¨ãƒƒãƒˆã€é£Ÿäº‹ã‚»ãƒŸãƒŠãƒ¼Vol1ã€‘çµ¶å¯¾ã«å¤±æ•—ã—ãªã„ç—©ã›æ–¹ï¼","https://www.youtube.com/watch?v=8OnYhyzJdb0"
"https://img.youtube.com/vi/58ewn201Z1s/sddefault.jpg","ã€ãƒã‚¹ãƒˆã‚¢ãƒƒãƒ—ã€‘ãŸã£ãŸã“ã‚Œã ã‘ã§ï¼ï¼Ÿå‚ã‚ŒãŸãƒã‚¹ãƒˆã‚’ç­‹ãƒˆãƒ¬ã§æ”¹å–„","https://www.youtube.com/watch?v=58ewn201Z1s"
"https://img.youtube.com/vi/1zvfCs22HDQ/sddefault.jpg","ã€ãƒ¦ãƒ‹ã‚¯ãƒ­/GUã€‘790å††ï½ã§è²·ãˆã‚‹ãƒˆãƒ¬ãƒ¼ãƒ‹ãƒ³ã‚°ã‚¦ã‚§ã‚¢â™ªã€2020å¹´ç§‹å†¬ã€‘","https://www.youtube.com/watch?v=1zvfCs22HDQ"
"https://img.youtube.com/vi/DkJg6TDLYqk/sddefault.jpg","ã€å¥³æ€§å‘ã‘ã€‘è…¹ç­‹ã®ãŠã™ã™ã‚ãƒˆãƒ¬ãƒ¼ãƒ‹ãƒ³ã‚°ï¼“é¸â™ªã‚¸ãƒ ã§ã§ãã‚‹ãƒã‚¹ãƒˆã®ç­‹ãƒˆãƒ¬","https://www.youtube.com/watch?v=DkJg6TDLYqk"
"https://img.youtube.com/vi/hge3fr50o0o/sddefault.jpg","ã€è‡ªå®…ã§ç­‹ãƒˆãƒ¬ã€‘ä¸–ç•Œã§ä¸€ç•ªæ¥½ãªç­‹ãƒˆãƒ¬ï¼†æœ‰é…¸ç´ é‹å‹•ã§å…¨èº«10ç¨®ç›®ã®10åˆ†é–“ã§ã™ã€‚æ¥½ã«è„‚è‚ªç‡ƒç„¼ã€è‚©ã“ã‚Šè§£æ¶ˆã€è…°ç—›è§£æ¶ˆã€é‹å‹•ä¸è¶³è§£æ¶ˆã—ãŸã„æ–¹ã«ãŠã™ã™ã‚ã§ã™ã€‚","https://www.youtube.com/watch?v=hge3fr50o0o"
"https://img.youtube.com/vi/u-wS8jABqQI/sddefault.jpg","ã€è…¹ç­‹ã€‘æœ€é€Ÿã§è…¹ç­‹ã‚’å‰²ã‚‹æ–¹æ³•ï¼†3åˆ†åŠã§è¿½ã„è¾¼ã‚€ï¼—ç¨®é¡ã®è…¹ç­‹ãƒ¡ãƒ‹ãƒ¥ãƒ¼ã‚’å®Ÿè·µã€‚åˆå¿ƒè€…ã®æ–¹ã§ã‚‚å®‰å¿ƒã—ã¦è¡Œãˆã‚‹ã‚ˆã†ã«è§£èª¬ä»˜ãã§ã™ã€‚ã•ãã€ä¸€ç·’ã«è…¹ç­‹ã‚’å‰²ã‚Šã¾ã—ã‚‡ã†ã€‚","https://www.youtube.com/watch?v=u-wS8jABqQI&t=1s"
"https://img.youtube.com/vi/o5vb430_m38/sddefault.jpg","ã€ä¸‹è…¹éƒ¨ï¼†ãã³ã‚Œã€‘10ç¨®ç›®10åˆ†é–“ã§ä¸‹è…¹ã‚’å¼•ãç· ã‚ã¦ã€ãã³ã‚Œã®ã‚ã‚‹ã‚¦ã‚¨ã‚¹ãƒˆã‚’ä½œã‚Šã¾ã—ã‚‡ã†ã€‚ç›®æŒ‡ã›æœ€é€Ÿã‚·ãƒƒã‚¯ã‚¹ãƒ‘ãƒƒã‚¯ã€‚åˆå¿ƒè€…ã®æ–¹ç”¨ã®ã‚„ã‚Šæ–¹ã‚ã‚Šã€‚","https://www.youtube.com/watch?v=o5vb430_m38"
"https://img.youtube.com/vi/n5Sl3zSvIUQ/sddefault.jpg","ã€å®Ÿè¨¼æ¸ˆã€‘è«¦ã‚ã¦ã„ãŸäººã§ã‚‚ç¶šã‘ã‚‰ã‚Œã‚‹ä¸–ç•Œã§ä¸€ç•ªç°¡å˜ã§çµ¶å¯¾ã«åŠ¹æœã®ã‚ã‚‹ç­‹ãƒˆãƒ¬æ³•2ç¨®ç›®ã‚’ç´¹ä»‹ã—ã¾ã™ã€‚","https://www.youtube.com/watch?v=n5Sl3zSvIUQ"
"https://img.youtube.com/vi/fyZETx-5c2o/sddefault.jpg","ã€é©šæ„•ã€‘å¤–é£Ÿã—ã¦ã‚‚ã€ã‚¹ã‚¤ãƒ¼ãƒ„é£Ÿã¹ã¦ã‚‚ã—ã£ã‹ã‚Šæ¸›é‡å‡ºæ¥ã‚‹æ–¹æ³•ã‚’ã”ç´¹ä»‹ã€‚ãã—ã¦ã€ã¨ã‚“ã§ã‚‚ãªã„ã‚²ã‚¹ãƒˆï¼Ÿã®ä¹±å…¥ã§ã¨ã‚“ã§ã‚‚ãªã„ãƒ¡ãƒƒã‚»ãƒ¼ã‚¸ãŒã€ã€ã€çµ¶å¯¾ã«ã‚„ã‚‹æ°—ã«ãªã‚‹è¡æ’ƒã®ãƒ©ã‚¹ãƒˆã§ã™ã€‚","https://www.youtube.com/watch?v=fyZETx-5c2o"
"https://img.youtube.com/vi/Ov-0-RS9zDg/sddefault.jpg","ã€3åˆ†ã§å®Œæˆã€‘ã“ã†ã„ã†ã®é£Ÿã¹ã¦ç—©ã›ã‚ˆã†!!é«˜ã‚¿ãƒ³ãƒ‘ã‚¯è³ªã€ä½è„‚è‚ªã€è¶…å¤§ç››ã‚Šãƒ€ã‚¤ã‚¨ãƒƒãƒˆç­‹è‚‰é£¯ã§ã™ã€‚","https://www.youtube.com/watch?v=Ov-0-RS9zDg"
"https://img.youtube.com/vi/JYHS1rDXxM0/sddefault.jpg","ã€å®Ÿå†™ç‰ˆã€‘ç­‹ãƒˆãƒ¬ã—ã¦ã‚‹ã®ã«ãªã‹ãªã‹ç­‹è‚‰ãŒä»˜ã‹ãªã„ç†ç”±ãŒã“ã“ã«ã‚ã£ãŸã€‚ã‚ãªãŸã¯ä½•å€‹å½“ã¦ã¯ã¾ã‚Šã¾ã™ã‹ï¼Ÿæ˜¯éã€å‚è€ƒã«ã—ã¦ä¸‹ã•ã„ã€‚","https://www.youtube.com/watch?v=JYHS1rDXxM0"
"https://img.youtube.com/vi/uTh0-kdt374/sddefault.jpg","ã€é¿ã‘ã‚‹ã¹ãé£Ÿå“ã€‘ç­‹ãƒˆãƒ¬å§‹ã‚ã¦ç­‹è‚‰(å¥åº·)ã®ç‚ºã€ãƒ€ã‚¤ã‚¨ãƒƒãƒˆã®ç‚ºã«æ°—ã‚’ã¤ã‘ã‚‹ã¹ãé£Ÿå“5é¸ï¼†ãã®ç†ç”±ã§ã™ã€‚","https://www.youtube.com/watch?v=uTh0-kdt374"
"https://img.youtube.com/vi/nhGh9N0baQA/sddefault.jpg","ã€ã‚¹ãƒ­ãƒ¼ãƒˆãƒ¬ãƒ¼ãƒ‹ãƒ³ã‚°ã€‘è¶…ç°¡å˜ç­‹ãƒˆãƒ¬åŸºæœ¬6ç¨®ç›®ã‹ã‚‰å§‹ã‚ã‚ˆã†ã€‚FUJIWARAåŸè¥¿ã•ã‚“ãŒè¡Œã£ã¦ã„ãŸ3ç¨®ç›®ï¼‹3ç¨®ç›®ã§ã™ã€‚","https://www.youtube.com/watch?v=nhGh9N0baQA"
"https://img.youtube.com/vi/cQsupVhKcDg/sddefault.jpg","ã€HIITã€‘é«˜å¼·åº¦ã§å…¨èº«ã‚’7åˆ†åŠã§è¿½ã„è¾¼ã‚€ã€‚ã—ã£ã‹ã‚Šã¨ã‚¦ã‚©ãƒ¼ãƒŸãƒ³ã‚°ã‚¢ãƒƒãƒ—ã‚’è¡Œã£ã¦ä¸‹ã•ã„ã€‚â€»HIIT(ãƒ’ãƒƒãƒˆ)ï¼ãƒã‚¤ã‚¤ãƒ³ãƒ†ãƒ³ã‚·ãƒ†ã‚£ã‚¤ãƒ³ã‚¿ãƒ¼ãƒãƒ«ãƒˆãƒ¬ãƒ¼ãƒ‹ãƒ³ã‚°ï¼‰","https://www.youtube.com/watch?v=cQsupVhKcDg"
"https://img.youtube.com/vi/qzP23uZVqVw/sddefault.jpg","ã€ãƒ€ã‚¤ã‚¨ãƒƒãƒˆã€‘ãªãœè„‚è‚ªã¯æ¸›ã‚‰ãªã„ã®ã‹ï¼Ÿã¤ã„ã¤ã„é£Ÿã¹ã¦ã„ã‚‹å¥åº·çš„ãªé£Ÿæã§ã‚‚æ°—ã‚’ä»˜ã‘ãªã‘ã‚Œã°ã„ã‘ãªã„ï¼—é¸ã‚’ç´¹ä»‹ã§ã™ã€‚","https://www.youtube.com/watch?v=qzP23uZVqVw"
"https://img.youtube.com/vi/_8peDwA_pg4/sddefault.jpg","ã€ãƒ€ã‚¤ã‚¨ãƒƒãƒˆã€‘30ã‚­ãƒ­æ¸›é‡ã«æˆåŠŸã—ãŸã‚†ã‚Šã‚„ã‚“ã®è‡ªå®…ãŒã¨ã‚“ã§ã‚‚ãªã‹ã£ãŸã€‚ç—©ã›ã‚‹ç­‹ãƒˆãƒ¬3ç¨®ç›®ã‚’ç­‹è‚‰å–æã§ã™ã€‚","https://www.youtube.com/watch?v=_8peDwA_pg4"
"https://img.youtube.com/vi/LARsdRVCvHU/sddefault.jpg","ã€è‡ªå®…ç­‹ãƒˆãƒ¬ã€‘ãƒ€ãƒ³ãƒ™ãƒ«ã‚’ä½¿ã£ã¦ä¸ŠåŠèº«ï¼–åˆ†é–“ã§ã™ã€‚ãƒšãƒƒãƒˆãƒœãƒˆãƒ«orãªã—ã§ã‚‚åŠ¹ãã¾ã™ã€‚è‚©ã“ã‚Šã€è…°ç—›æ”¹å–„ã«ã‚‚ãŠã™ã™ã‚ã§ã™ã€‚","https://www.youtube.com/watch?v=LARsdRVCvHU"
"https://img.youtube.com/vi/-J5dKNSvBnE/sddefault.jpg","ã€é£Ÿäº‹ç·¨ã€‘2é€±é–“ã®ãƒ€ã‚¤ã‚¨ãƒƒãƒˆã§é£Ÿã¹ã¦é ‚ã„ãŸé£Ÿäº‹(æœé£Ÿã€é–“é£Ÿãªã©)ã®å¤§åˆ‡ãªï¼”ã¤ã®äº‹ã€‚ãã—ã¦ã€è¡æ’ƒã®çµæœç™ºè¡¨ã§ã™ã€‚ãŠè…¹å‘¨ã‚ŠãŒã€ã€ã€ã€å¾Œç·¨ã€‘","https://www.youtube.com/watch?v=-J5dKNSvBnE"
"https://img.youtube.com/vi/2P51OQIhn_M/sddefault.jpg","ã€ç„¡é§„ã«ãªã‚‹ã€‘ã‚„ã£ã¦ã¯ã„ã‘ãªã„ãƒ—ãƒ­ãƒ†ã‚¤ãƒ³(ã‚¿ãƒ³ãƒ‘ã‚¯è³ª)ã®æ‘‚ã‚Šæ–¹ï¼†é¸ã³æ–¹ã§ã™ã€‚","https://www.youtube.com/watch?v=2P51OQIhn_M"
"https://img.youtube.com/vi/Eg8ur-vCv9c/sddefault.jpg","ã€å®Ÿå†™ç‰ˆã€‘ãªãœï¼ï¼Ÿã›ã£ã‹ãç­‹ãƒˆãƒ¬ã—ã¦ã„ã‚‹ã®ã«ç­‹è‚‰ãŒã¤ã‹ãªã„ã€‚ãã‚“ãªç­‹ãƒˆãƒ¬10é¸ã‚’ã”ç´¹ä»‹ï¼†ãã®ç†ç”±ã‚’å¾¹åº•è§£èª¬ã§ã™ã€‚","https://www.youtube.com/watch?v=Eg8ur-vCv9c"
"https://img.youtube.com/vi/JTwrsgSi9HA/sddefault.jpg","ã€ç­‹ãƒˆãƒ¬ã€‘è½ã¡ã«ãã„è…°è‚‰ã‚’ç‡ƒã‚„ã™ãŸã‚ã«æœ€é©ãªãƒˆãƒ¬ãƒ¼ãƒ‹ãƒ³ã‚°ãŒåˆ¤æ˜ï¼ãŠè…¹å‘¨ã‚Šã‚’çµã‚ŠãŸã„æ–¹ã«ã‚ªã‚¹ã‚¹ãƒ¡ã§ã™ã€ãƒ€ã‚¤ã‚¨ãƒƒãƒˆã€‘","https://www.youtube.com/watch?v=JTwrsgSi9HA"
"https://img.youtube.com/vi/lJHuZvjYVI8/sddefault.jpg","ã€å¤§èƒ¸ç­‹ã€‘å¤§èƒ¸ç­‹ã‚’ãƒ‡ã‚«ãã—ãŸã„ãªã‚‰ã“ã‚Œã‚’ã‚„ã‚Œï¼èƒ¸å…¨ä½“ã«åŠ¹ã‹ã›ã‚‹ãŸã‚ã®ç¨®ç›®ç·é›†ç·¨ã€ç­‹ãƒˆãƒ¬ã€‘","https://www.youtube.com/watch?v=lJHuZvjYVI8"
"https://img.youtube.com/vi/EGdxsOPgr7A/sddefault.jpg","ã€ç­‹ãƒˆãƒ¬ã€‘ä½“è„‚è‚ª25%ä»¥ä¸Šã®äººã¯ã„ããªã‚Šç­‹ãƒˆãƒ¬ã‹ã‚‰å§‹ã‚ã¦ç—©ã›ã‚‹ã®ã‹ï¼Ÿãƒ€ã‚¤ã‚¨ãƒƒãƒˆã®æœ€çŸ­ãƒ«ãƒ¼ãƒˆã‚’æ•™ãˆã¾ã™ã€æ¸›é‡ã€‘","https://www.youtube.com/watch?v=EGdxsOPgr7A"
"https://img.youtube.com/vi/dbeRdn_mfwI/sddefault.jpg","ã€ç­‹ãƒˆãƒ¬ã€‘èƒŒä¸­å…¨ä½“ã‚’ãƒ€ãƒ³ãƒ™ãƒ«ã ã‘ã§é›ãˆã‚‰ã‚Œã‚‹ï¼æœ¬å½“ã«åŠ¹ãç¨®ç›®3é¸ã€èƒŒä¸­ãƒˆãƒ¬ã€‘","https://www.youtube.com/watch?v=dbeRdn_mfwI"
"https://img.youtube.com/vi/wuscXvUWABw/sddefault.jpg","ã€ãƒ€ã‚¤ã‚¨ãƒƒãƒˆã€‘åã£ãŸé£Ÿäº‹åˆ¶é™ãªã©ã¯NGï¼ã‚«ãƒƒã‚³ã‚ˆãçµã‚‹ãŸã‚ã«æœ€é©ãªæ¸›é‡ã®ãƒã‚¤ãƒ³ãƒˆã¨ã¯ã€ç·é›†ç·¨ã€‘","https://www.youtube.com/watch?v=wuscXvUWABw"
"https://img.youtube.com/vi/P5OAjl5FvbY/sddefault.jpg","è„‚è‚ªç‡ƒç„¼ãƒˆãƒ¬ãƒ¼ãƒ‹ãƒ³ã‚°ã®æ±ºå®šç‰ˆï¼æœ‰é…¸ç´ é‹å‹•ã‚ˆã‚Šã‚‚ä½“è„‚è‚ªã‚’ç‡ƒã‚„ã™å”¯ä¸€ã®ãƒˆãƒ¬ãƒ¼ãƒ‹ãƒ³ã‚°ã€HIITã€‘","https://www.youtube.com/watch?v=P5OAjl5FvbY"
"https://img.youtube.com/vi/7IecImX6hy8/sddefault.jpg","ã€ç—©ã›ãŸã„äººå¿…è¦‹ã€‘ãƒãƒŸå‡ºã‚‹ã½ã£ã“ã‚ŠãŠè…¹ã‚’å‰Šã‚‹ç­‹ãƒˆãƒ¬ã‚’ç´¹ä»‹ã—ã¾ã™","https://www.youtube.com/watch?v=7IecImX6hy8"
"https://img.youtube.com/vi/ErRpVQQPeSA/sddefault.jpg","ã€ç­‹ãƒˆãƒ¬ã€‘ãªã‹ãªã‹åŠ¹ã‹ã›ã«ãã„ï¼å¤§èƒ¸ç­‹ã‚’å¤§ããè¦‹ã›ã‚‹ãŸã‚ã«å†…å´ã«åŠ¹ã‹ã›ã‚‹ç§˜è¨£ã‚’ãŠä¼ãˆã—ã¾ã™","https://www.youtube.com/watch?v=ErRpVQQPeSA"
"https://img.youtube.com/vi/zT_bGSmfp10/sddefault.jpg","ã€ç­‹ãƒˆãƒ¬ã€‘ã“ã‚“ãªãƒˆãƒ¬ãƒ¼ãƒ‹ãƒ³ã‚°ã‚’ã—ã¦ã„ã‚‹äººã¯è¦æ³¨æ„ï¼æ„å‘³ãŒãªã„ã®ã§çµ¶å¯¾ã«ã‚„ã‚ã¦ãã ã•ã„","https://www.youtube.com/watch?v=zT_bGSmfp10"
"https://img.youtube.com/vi/AEBhN-RWMMQ/sddefault.jpg","ãƒ™ãƒ³ãƒãƒ—ãƒ¬ã‚¹ã®é‡é‡ãŒä¼¸ã³ãªã„äººã®ï¼“ã¤ã®ç†ç”±","https://www.youtube.com/watch?v=AEBhN-RWMMQ"
"https://img.youtube.com/vi/Xy1N-wevl4c/sddefault.jpg","ã€è¦æ³¨æ„ï¼ã€‘ç­‹è‚¥å¤§ã—ãŸã„äººãŒçµ¶å¯¾ã«æ³¨æ„ã—ãªã‘ã‚Œã°ãªã‚‰ãªã„ãƒˆãƒ¬ãƒ¼ãƒ‹ãƒ³ã‚°å¾Œã®è¡Œå‹•ã¨ã¯ï¼Ÿã€ç­‹ãƒˆãƒ¬ã€‘","https://www.youtube.com/watch?v=Xy1N-wevl4c"
"https://img.youtube.com/vi/-E4Aqwg-tCo/sddefault.jpg","ã€ç­‹ãƒˆãƒ¬ã€‘å¤§èƒ¸ç­‹ä¸Šéƒ¨ã®ç››ã‚Šä¸ŠãŒã‚Šã‚’ä½œã‚‹ãŸã‚ã®ç¨®ç›®ãŒã“ã‚Œã§ã™ã€‚èƒ¸ã‚’ãƒ‡ã‚«ãè¦‹ã›ã‚‹ãŸã‚ã®ç­‹ãƒˆãƒ¬","https://www.youtube.com/watch?v=-E4Aqwg-tCo"
"https://img.youtube.com/vi/aQdJ8vvoI_M/sddefault.jpg","ã€ãƒ€ã‚¤ã‚¨ãƒƒãƒˆã€‘99ï¼…ã®äººãŒå‹˜é•ã„ã—ã¦ã„ã‚‹ï¼ï¼Ÿç­‹è‚‰ã®ãƒ—ãƒ­ãŒæ•™ãˆã‚‹ã‚„ã£ã¦ã¯ã„ã‘ãªã„ãƒ€ã‚¤ã‚¨ãƒƒãƒˆæ–¹æ³•ã¨ã¯","https://www.youtube.com/watch?v=aQdJ8vvoI_M"
"https://img.youtube.com/vi/WDxJDdDcBV0/sddefault.jpg","ã€è…¹ç­‹ã€‘ã‚­ãƒ„ã™ãæ³¨æ„ï¼è…¹ç­‹ã®ä¸‹è…¹éƒ¨ã«ãƒãƒãƒãƒã«åŠ¹ãæœ€å¼·ã®ãƒˆãƒ¬ãƒ¼ãƒ‹ãƒ³ã‚°ã‚’ä¼æˆã—ã¾ã™ã€ç­‹ãƒˆãƒ¬ã€‘","https://www.youtube.com/watch?v=WDxJDdDcBV0"
"https://img.youtube.com/vi/VhUP0UukC0Y/sddefault.jpg","10å›ï¼“ã‚»ãƒƒãƒˆã‚„ã£ã¦ã‚‹äººã€é…ã„ã¦ã‚™ã™ã€‚","https://www.youtube.com/watch?v=VhUP0UukC0Y"
"https://img.youtube.com/vi/kyT8eq9Sl_s/sddefault.jpg","ã€ãƒ€ã‚¤ã‚¨ãƒƒãƒˆã€‘çŸ¥ã‚‰ãªã„ã¨ã‚„ã°ã„ï¼ä½™è¨ˆãªè„‚è‚ªã‚’ç‡ƒç„¼ã•ã›ã‚‹ãŸã‚ã®ãƒˆãƒ¬ãƒ¼ãƒ‹ãƒ³ã‚°ã¨é£Ÿäº‹ã®ãƒã‚¤ãƒ³ãƒˆã€ç­‹ãƒˆãƒ¬ã€‘","https://www.youtube.com/watch?v=kyT8eq9Sl_s"
"https://img.youtube.com/vi/IVyJHWtgFYs/sddefault.jpg","ã€ãƒ€ã‚¤ã‚¨ãƒƒãƒˆã€‘è„‚è‚ªãŒç‡ƒç„¼ã•ã‚Œãªã„ã®ã¯ã“ã‚ŒãŒå•é¡Œã‹ã‚‚ã—ã‚Œã¾ã›ã‚“ã€‚ã€æ¸›é‡ã€‘","https://www.youtube.com/watch?v=IVyJHWtgFYs"
"https://img.youtube.com/vi/aiTrIkRdxQk/sddefault.jpg","ã€æ¸›é‡ã€‘ä½™è¨ˆãªä½“è„‚è‚ªã‚’è½ã¨ã™ãŸã‚ã®æœ€çŸ­ã®æ–¹æ³•ãŒã“ã‚Œã§ã™ã€‚è„‚è‚ªç‡ƒç„¼ã®ãƒ¡ã‚«ãƒ‹ã‚ºãƒ ã‚’å¾¹åº•è§£èª¬ã€ãƒ€ã‚¤ã‚¨ãƒƒãƒˆã€‘","https://www.youtube.com/watch?v=aiTrIkRdxQk"
"https://img.youtube.com/vi/LQeue6RlrXc/sddefault.jpg","ã€ç­‹ãƒˆãƒ¬ã€‘åŠ¹ç‡ã‚ˆãç—©ã›ã‚‹ãŸã‚ã«ã‚‚ã£ãŸã„ãªã„ã“ã¨ã‚’ã—ã¦ã—ã¾ã£ã¦ã„ã‚‹ã‹ã‚‚ã—ã‚Œã¾ã›ã‚“","https://www.youtube.com/watch?v=LQeue6RlrXc"
"https://img.youtube.com/vi/z-_CSfrHnzM/sddefault.jpg","ã€æœ€çŸ­ã§æœ¬æ°—ã§ç—©ã›ãŸã„äººå°‚ç”¨ã€‘é£›ã°ãªã„HIITã§è„‚è‚ªã¯ç‡ƒãˆã¾ã›ã‚“ã€‚","https://www.youtube.com/watch?v=z-_CSfrHnzM"
"https://img.youtube.com/vi/bJRFsIrXIlU/sddefault.jpg","ã€æ¥µä¸Šã‚ªãƒ¼ãƒãƒ¼ãƒŠã‚¤ãƒˆã‚ªãƒ¼ãƒ„ã€‘æ¯æœèµ·ãã‚‹ã®ãŒæ¥½ã—ã¿ã«ãªã‚‹ï¼ç—©ã›ã‚‹æ¯æ—¥æœã”ã¯ã‚“","https://www.youtube.com/watch?v=bJRFsIrXIlU"
"https://img.youtube.com/vi/Vo-8UBRhUYM/sddefault.jpg","ã€é€±2ã€œ3æ—¥ã‚¸ãƒ ãƒ¡ãƒ‹ãƒ¥ãƒ¼ã€‘è¶…åŠ¹ç‡çš„ã«ä½“è„‚è‚ªã‚’è½ã¨ã™å…¨èº«ãƒˆãƒ¬ï¼","https://www.youtube.com/watch?v=Vo-8UBRhUYM"
"https://img.youtube.com/vi/2YbPyR8ZKyo/sddefault.jpg","ç§ãŒä½“è„‚è‚ªã‚’13%è½ã¨ã—ãŸ5ã¤ã®æ–¹æ³•","https://www.youtube.com/watch?v=2YbPyR8ZKyo"
"https://img.youtube.com/vi/cSHAolzmFkA/sddefault.jpg","ã€ç­‹ãƒˆãƒ¬ãƒ¡ãƒ‹ãƒ¥ãƒ¼ã€‘é€±ï¼‘ã‚¸ãƒ ã®äººã«è¶…åŠ¹ç‡çš„ãªã‚¸ãƒ ãƒ¡ãƒ‹ãƒ¥ãƒ¼ï¼","https://www.youtube.com/watch?v=cSHAolzmFkA&t=17s"
"https://img.youtube.com/vi/wwWkSrVeD7c/sddefault.jpg","ã‚¸ãƒ ã§è…¹ç­‹ï¼†ãã³ã‚Œã‚’ä½œã‚‹ãƒ¡ãƒ‹ãƒ¥ãƒ¼ã€åˆå¿ƒè€…å‘ã‘ã€‘","https://www.youtube.com/watch?v=wwWkSrVeD7c"
"https://img.youtube.com/vi/fj2EfhSSqas/sddefault.jpg","åˆå¿ƒè€…ã‚‚OKã€ã‚¸ãƒ ã§ä¸‹åŠèº«ã‚’è¿½ã„è¾¼ã‚€æ—¥ï¼ã€‘ãŠå°»ã¨å¤ªã‚‚ã‚‚ã®å¢ƒç›®ã‚’ä½œã‚‹ï¼","https://www.youtube.com/watch?v=fj2EfhSSqas"
"https://img.youtube.com/vi/qwvhtADNQNg/sddefault.jpg","é€±ï¼•å‹¤å‹™ãƒ»é€±ï¼•ã‚¸ãƒ  ç§ã®ï¼‘é€±é–“ã€ãƒ«ãƒ¼ãƒ†ã‚£ãƒ³ã€‘","https://www.youtube.com/watch?v=qwvhtADNQNg"
"https://img.youtube.com/vi/lkrT5hjv3cg/sddefault.jpg","ã€ç­‹ãƒˆãƒ¬åˆå¿ƒè€…ã‚ã‚‹ã‚ã‚‹ã€‘ã“ã‚Œã‚„ã£ã¦ãŸã‚‰ã‚„ã°ã„ï¼é–“é•ã„ã ã‚‰ã‘ã®ç­‹ãƒˆãƒ¬","https://www.youtube.com/watch?v=lkrT5hjv3cg"
"https://img.youtube.com/vi/NIFDpprdz3Y/sddefault.jpg","ã€é€±3ã‚¸ãƒ ãƒ¡ãƒ‹ãƒ¥ãƒ¼ã€‘åŠ¹ç‡ã‚ˆãä»£è¬ã‚’ä¸Šã’ã¦ç­‹è‚‰é‡ã‚’å¢—ã‚„ã™ã‚¬ãƒƒãƒ„ãƒªãƒˆãƒ¬ï¼","https://www.youtube.com/watch?v=NIFDpprdz3Y"
"https://img.youtube.com/vi/rOtV4PU4mQ4/sddefault.jpg","ã€1é€±é–“ç­‹ãƒˆãƒ¬ãƒ¡ãƒ‹ãƒ¥ãƒ¼ã€‘é‡é‡/å›æ•°/ã‚»ãƒƒãƒˆæ•°/æœ‰é…¸ç´ ã®æ™‚é–“ã‚‚","https://www.youtube.com/watch?v=rOtV4PU4mQ4"
"https://img.youtube.com/vi/oqJ_10R9vqY/sddefault.jpg","ã€ç­‹ãƒˆãƒ¬å¥³å­ã€‘æœã‚¸ãƒ è¡Œãæ—¥ã®ãƒ¢ãƒ¼ãƒ‹ãƒ³ã‚°ãƒ«ãƒ¼ãƒ†ã‚£ãƒ³","https://www.youtube.com/watch?v=oqJ_10R9vqY"
"https://img.youtube.com/vi/OfkXSB-ci0M/sddefault.jpg","ã€æ ¹æœ¬çš„ã«å¤ªã‚‰ãªã„ä½“ä½œã‚Šã€‘é£Ÿã¹ã¦ã‚‚ç—©ã›ä½“è³ªã«ãªã‚‹æ–¹æ³•","https://www.youtube.com/watch?v=OfkXSB-ci0M"
"https://img.youtube.com/vi/huoV5y6kerY/sddefault.jpg","ã€è§£èª¬ã€‘ãƒã‚¤ãƒãƒ¼ã‚¹ã‚¯ãƒ¯ãƒƒãƒˆã®æ­£ã—ã„ã‚„ã‚Šæ–¹ã€BIG3ã€‘","https://www.youtube.com/watch?v=huoV5y6kerY"
"https://img.youtube.com/vi/cu2XoxJgMvo/sddefault.jpg","ãƒˆãƒ¬ãƒ¼ãƒ‹ãƒ³ã‚°ã‚’å§‹ã‚ã‚‹ã«ã‚ãŸã£ã¦åŠ¹ç‡ã‚ˆãç­‹è‚¥å¤§ã‚’ã™ã‚‹ãŸã‚ã«çŸ¥ã£ã¦ãŠããŸã‹ã£ãŸï¼”ã¤ã®ã“ã¨ï¼ã€ç­‹ãƒˆãƒ¬ã€‘","https://www.youtube.com/watch?v=cu2XoxJgMvo"
"https://img.youtube.com/vi/z3J6FXik1gU/sddefault.jpg","åˆå¿ƒè€…ã«ã‚ªã‚¹ã‚¹ãƒ¡ã®åŠ¹ç‡çš„ãªãƒˆãƒ¬ãƒ¼ãƒ‹ãƒ³ã‚°ãƒ—ãƒ­ã‚°ãƒ©ãƒ ã¨è€ƒãˆæ–¹[ç­‹ãƒˆãƒ¬]","https://www.youtube.com/watch?v=z3J6FXik1gU"
"https://img.youtube.com/vi/D7dDiKgqOIo/sddefault.jpg","ç­‹ãƒˆãƒ¬ã§ä½“ãŒå¤‰ã‚ã‚‰ãªã„åŸå› ãƒ™ã‚¹ãƒˆ3ï¼‹è§£æ±ºç­–","https://www.youtube.com/watch?v=D7dDiKgqOIo"
"https://img.youtube.com/vi/NGqqEflItpc/sddefault.jpg","ã€2016ã€‘ãƒ€ã‚¤ã‚¨ãƒƒãƒˆã®çµæœå ±å‘Šã€ç­‹ãƒˆãƒ¬ã€‘","https://www.youtube.com/watch?v=NGqqEflItpc"
"https://img.youtube.com/vi/APtxgoW0bds/sddefault.jpg","æ¸›é‡æœŸã®é£Ÿäº‹ã«ã¤ã„ã¦è§£èª¬ã€ã‚«ãƒ­ãƒªãƒ¼è¨ˆç®—ã€‘","https://www.youtube.com/watch?v=APtxgoW0bds"
"https://img.youtube.com/vi/bDSfYKwZ7Po/sddefault.jpg","ã‚¸ãƒ ã§è¦‹ã‹ã‘ãŸã€Œç­‹è‚¥å¤§ã—ãªã•ãã†ãªäººã€ã®ç‰¹å¾´5é¸ï¼‹æ”¹å–„æ–¹æ³•ï¼ã€ç­‹ãƒˆãƒ¬ã€‘","https://www.youtube.com/watch?v=bDSfYKwZ7Po"
"https://img.youtube.com/vi/nOnrk94_Dj8/sddefault.jpg","ã€ãƒªã‚¢ã€‘ä¸‰è§’ç­‹å¾Œéƒ¨ã‚’é›ãˆã‚‹ãŠã™ã™ã‚ç¨®ç›®BEST3ï¼ã€ç­‹ãƒˆãƒ¬ã€‘","https://www.youtube.com/watch?v=nOnrk94_Dj8"
"https://img.youtube.com/vi/BzBdLkJ9Wi0/sddefault.jpg","ã€Q&Aã€‘ãƒ•ãƒªãƒ¼ã‚¦ã‚¨ã‚¤ãƒˆã¨ãƒã‚·ãƒ³ã©ã¡ã‚‰ãŒç­‹è‚¥å¤§ã«åŠ¹æœçš„ï¼Ÿã€ç­‹ãƒˆãƒ¬ã€‘","https://www.youtube.com/watch?v=BzBdLkJ9Wi0"
"https://img.youtube.com/vi/ByqK5ov8qao/sddefault.jpg","ãƒˆãƒ¬ãƒ¼ãƒ‹ãƒ³ã‚°ã§"ä¼¸ã³ã‚‹äºº"ã¨"ä¼¸ã³ãªã„äºº"ã¯ã€ã‚³ãƒ¬ã‚’çŸ¥ã£ã¦ã„ã‚‹ã‹ã©ã†ã‹ã§æ±ºã¾ã‚Šã¾ã™ã€‚ã€ç­‹ãƒˆãƒ¬ã€‘","https://www.youtube.com/watch?v=ByqK5ov8qao"
"https://img.youtube.com/vi/nbwgaj_PmAA/sddefault.jpg","ã€æ¿€å¤‰ãƒ“ãƒ•ã‚©ãƒ¼ã‚¢ãƒ•ã‚¿ãƒ¼ã€‘ã‚±ãƒˆã‚¸ã‚§ãƒ‹ãƒƒã‚¯ãƒ€ã‚¤ã‚¨ãƒƒãƒˆ2é€±é–“ãƒãƒ£ãƒ¬ãƒ³ã‚¸","https://www.youtube.com/watch?v=nbwgaj_PmAA"
"https://img.youtube.com/vi/rja_clyOupU/sddefault.jpg","ã€é–²è¦§æ³¨æ„ã€‘ä½“è„‚è‚ªï¼•%ä»¥ä¸‹ï¼ï¼Ÿçµã‚Šåˆ‡ã‚‹ãŸã‚ã«å¿…è¦ãªå”¯ä¸€ã®æ–¹æ³•","https://www.youtube.com/watch?v=rja_clyOupU"
"https://img.youtube.com/vi/4xBYv-nKT1c/sddefault.jpg","ã‚±ãƒˆã‚¸ã‚§ãƒ‹ãƒƒã‚¯ãƒ€ã‚¤ã‚¨ãƒƒãƒˆã®å§‹ã‚æ–¹ã‚’å¾¹åº•è§£èª¬","https://www.youtube.com/watch?v=4xBYv-nKT1c"
"https://img.youtube.com/vi/BLkOkVCcZZQ/sddefault.jpg","ã‚ãªãŸã‚’å¤ªã‚‰ã›ã‚‹ï¼ï¼ŸçŸ¥ã‚‰ãšã«æ‘‚å–ã—ã¦ã„ã‚‹ç„¡é§„ãªã‚‚ã®","https://www.youtube.com/watch?v=BLkOkVCcZZQ"
"https://img.youtube.com/vi/7pGIF24guv0/sddefault.jpg","ã€ç­‹ãƒˆãƒ¬å‰ã®ç³–è³ªã¯é€†åŠ¹æœï¼ï¼Ÿã€‘ãƒ¯ãƒ¼ã‚¯ã‚¢ã‚¦ãƒˆãƒ‰ãƒªãƒ³ã‚¯å¾¹åº•è§£èª¬ã€EAAã€BCAAã€ã‚¯ãƒ¬ã‚¢ãƒãƒ³ã€ã€ï¼Ÿã€‘","https://www.youtube.com/watch?v=7pGIF24guv0"
"https://img.youtube.com/vi/4n3fMhK9hEg/sddefault.jpg","ã€å…¨ãƒˆãƒ¬ãƒ¼ãƒ‹ãƒ¼å¿…è¦‹ï¼ã€‘å±±æœ¬ç¾©å¾³å…ˆç”Ÿã«ã‚±ãƒˆã‚¸ã‚§ãƒ‹ãƒƒã‚¯ãƒ€ã‚¤ã‚¨ãƒƒãƒˆã®ç–‘å•ã‚’ã¶ã¤ã‘ã¦ã¿ãŸï¼ã€è¶…æœ‰æ–™ç´šã€‘","https://www.youtube.com/watch?v=4n3fMhK9hEg"
"https://img.youtube.com/vi/YBVew3rcEa8/sddefault.jpg","ã€å¾¹åº•è§£èª¬ã€‘åˆå¿ƒè€…ã‹ã‚‰ä¸Šç´šè€…ã¾ã§ã‚ªã‚¹ã‚¹ãƒ¡ã™ã‚‹ãƒ—ãƒ­ãƒ†ã‚¤ãƒ³ã®æ•™ç§‘æ›¸","https://www.youtube.com/watch?v=YBVew3rcEa8"
"https://img.youtube.com/vi/Dqm79X5SV-Q/sddefault.jpg","ã€ãƒ•ã‚£ã‚¸ãƒ¼ã‚¯ãƒãƒ£ãƒ³ãƒ—ã€‘ã‚µãƒ©ãƒªãƒ¼ãƒãƒƒãƒãƒ§ã®æœ¬æ°—æ¸›é‡ãƒ«ãƒ¼ãƒ†ã‚£ãƒ³ã€ç­‹ãƒˆãƒ¬Ã—ä¼šç¤¾å“¡ã€‘Vol.14","https://www.youtube.com/watch?v=Dqm79X5SV-Q"
"https://img.youtube.com/vi/uveZX-71OUw/sddefault.jpg","ã€äºŒã®è…•ç—©ã›ã€‘ã¾ã é–“ã«åˆã†ï¼ï¼ï¼’é€±é–“ã§ã‚¿ãƒ—ã‚¿ãƒ—ã®äºŒã®è…•ã‚’å¼•ãç· ã‚ã‚‹ï¼”åˆ†é–“ã®ãƒˆãƒ¬ãƒ¼ãƒ‹ãƒ³ã‚°ğŸ”¥ã€ãƒ€ã‚¤ã‚¨ãƒƒãƒˆã€‘2 Weeks Toned Arms Workout","https://www.youtube.com/watch?v=uveZX-71OUw"
"https://img.youtube.com/vi/le-G-jUKWR8/sddefault.jpg","Engã€èƒŒä¸­ç—©ã›ã€‘ï¼’é€±é–“ã§è¯å¥¢ãªèƒŒä¸­ã¨è‚©ã‚’æ‰‹ã«å…¥ã‚Œã‚‹ï¼”åˆ†é–“ãƒˆãƒ¬ãƒ¼ãƒ‹ãƒ³ã‚°ï¼ğŸ”¥ãƒãƒŸè‚‰ï¼†è„‚è‚ªæ’ƒé€€ï¼ï¼4MIN BACK & BRA BULGE Fat Burn in 2WEEKS!!","https://www.youtube.com/watch?v=le-G-jUKWR8"
"https://img.youtube.com/vi/JAkx_q-D4Ws/sddefault.jpg","Engã€ã†ãã‚è‚‰æ’ƒé€€ã€‘ï¼“é€±é–“ã§è…°å›ã‚Šã®ãœã„è‚‰ã‚’å¾¹åº•ç‡ƒç„¼ğŸ”¥ãã³ã‚Œã‚‚ä½œã‚Œã‚‹ï¼”åˆ†é–“ãƒˆãƒ¬ãƒ¼ãƒ‹ãƒ³ã‚°ï¼ï¼4 Min LOSE Love Handle & Lower Back Fat in 3WEEKS!!","https://www.youtube.com/watch?v=JAkx_q-D4Ws"
"https://img.youtube.com/vi/h-QWVyg6YaM/sddefault.jpg","Engã€è‚©ç—©ã›ã€‘è¯å¥¢ãªè‚©ã¨é¦–ã‚’æ‰‹ã«å…¥ã‚Œã‚‹ğŸ”¥è‚©å‘¨ã‚Šã®è‚‰ã‚’è½ã¨ã™ï¼”åˆ†é–“ãƒˆãƒ¬ãƒ¼ãƒ‹ãƒ³ã‚°ã€ç€å¤ªã‚Šé˜²æ­¢ã€‘4MIN Get Slim Shoulders and Neck !","https://www.youtube.com/watch?v=h-QWVyg6YaM"
"https://img.youtube.com/vi/77L0ml0x5-w/sddefault.jpg","Engã€å¤ªã‚‚ã‚‚ç—©ã›ã€‘å†…ã‚‚ã‚‚ã®è„‚è‚ªæ’ƒé€€ğŸ”¥ï¼’é€±é–“ã§éš™é–“ã‚’ä½œã‚‹ï¼”åˆ†é–“ãƒˆãƒ¬ãƒ¼ãƒ‹ãƒ³ã‚°ï¼4Min Thigh Gap Workout // Get Slim Inner Thigh in 2 WEEKS!!","https://www.youtube.com/watch?v=77L0ml0x5-w"
"https://img.youtube.com/vi/QOH1y0t6jIQ/sddefault.jpg","Engã€ï¼“åˆ†è¿½ã„è¾¼ã¿ã€‘ï¼‘é€±é–“ã§å¼•ãç· ã¾ã£ãŸãŠè…¹ã‚’æ‰‹ã«å…¥ã‚Œã‚‹ğŸ”¥ï¼“åˆ†ãŠè…¹ç—©ã›ãƒˆãƒ¬ãƒ¼ãƒ‹ãƒ³ã‚°ï¼Get FLAT BELLY in 1WEEK!! 3MIN ABS WORKOUT","https://www.youtube.com/watch?v=QOH1y0t6jIQ"
"https://img.youtube.com/vi/0-s2HpY__JE/sddefault.jpg","ã€1æ—¥3åˆ†ã€‘é€Ÿæ”»ã§ãŠè…¹ã‚’å¼•ãç· ã‚ã‚‹ç­‹ãƒˆãƒ¬ï¼æœ€å¼·ã®ãƒ—ãƒ©ãƒ³ã‚¯ 3 min PLANK workout to get flat belly","https://www.youtube.com/watch?v=0-s2HpY__JE"
"https://img.youtube.com/vi/_bj20ycckZY/sddefault.jpg","Engã€ï¼‘æ—¥ï¼”åˆ†ã€‘ï¼’é€±é–“ã§ãã³ã‚Œã¨11å­—è…¹ç­‹ã‚’åŒæ™‚ã«æ‰‹ã«å…¥ã‚Œã‚‹ğŸ”¥ ï¼”åˆ†é–“ã®è…¹æ–œç­‹ãƒˆãƒ¬ãƒ¼ãƒ‹ãƒ³ã‚°ï¼Get 11 Line Abs like a Kpop Idol in 2WEEKS","https://www.youtube.com/watch?v=_bj20ycckZY"
"https://img.youtube.com/vi/VhpZNDR5T8U/sddefault.jpg","Engã€ã‚¹ãƒˆãƒ¬ãƒƒãƒã€‘ç­‹ãƒˆãƒ¬å‰å¾Œã«æœ€é©ï¼ç—©ã›ä½“è³ªã‚’ã¤ãã‚‹ï¼”åˆ†é–“ã‚¹ãƒˆãƒ¬ãƒƒãƒâ›…ï¸å¯ã‚‹å‰ã‚„ç”Ÿç†ä¸­ã«ã‚‚â— 4MIN | DO THIS BEFORE/AFTER WORKOUT - Easy Stretch","https://www.youtube.com/watch?v=VhpZNDR5T8U"
"https://img.youtube.com/vi/-Is44yj78p8/sddefault.jpg","ãƒ“ã‚­ãƒ‹å¥³ç‹ãƒ€ãƒ³ã‚·ãƒ¼ã‚ãšã•ã«èãï¼ã‚¦ã‚¨ã‚¹ãƒˆã‚’ç´°ãä¿ã¤æ–¹æ³•ã¯ï¼Ÿ","https://www.youtube.com/watch?v=-Is44yj78p8"
"https://img.youtube.com/vi/gxqRXL48M6Q/sddefault.jpg","ã€ç­‹ãƒˆãƒ¬å¥³å­ã€‘ç¾å°»ã‚’ã¤ãã‚‹ã‚³ãƒ„ã¨5ç¨®ç›®ã®ç´¹ä»‹ -ãƒŸãƒ¬ãƒ¼ãƒŠè§£èª¬-","https://www.youtube.com/watch?v=gxqRXL48M6Q"
"https://img.youtube.com/vi/1o0MCulPIz8/sddefault.jpg","ã€è„‚è‚ªã ã‘è½ã¨ã™ã€‘ãªã‚‹æ—©ã§ç¶ºéº—ã«ä½“è„‚è‚ªã ã‘è½ã¨ã—ã¦ã„ã1æ—¥","https://www.youtube.com/watch?v=1o0MCulPIz8"
"https://img.youtube.com/vi/lNvo9ur4QhA/sddefault.jpg","é£Ÿã¹ã™ããŸæ¬¡ã®æ—¥ã®èª¿æ•´æ–¹æ³•ã¨ã¯ï¼Ÿä½“å‹ã‚’ç¶­æŒã™ã‚‹ãƒªã‚«ãƒãƒªãƒ¼æ–¹æ³•","https://www.youtube.com/watch?v=lNvo9ur4QhA"
"https://img.youtube.com/vi/oPdjhsW46c4/sddefault.jpg","ã€éª¨æ ¼ã«åˆã‚ãªã„é‹å‹•æ³¨æ„âš ï¸ã€‘è„šãŒå¤ªããªã£ãŸã€ã‚´ãƒ„ããªã£ãŸã®ã¯ãã®ã›ã„ã‹ã‚‚â€¦ï¼","https://www.youtube.com/watch?v=oPdjhsW46c4"
"https://img.youtube.com/vi/7qFOpcN5oGQ/sddefault.jpg","ã€ã‚¢ãƒ¬ã¯NGç¿’æ…£ã ã£ãŸï¼ï¼Ÿã€‘æœ€çŸ­ã§ä½“ã‚’å¤‰ãˆã‚‹æ–¹æ³•ã¯â€¦","https://www.youtube.com/watch?v=7qFOpcN5oGQ"
"https://img.youtube.com/vi/QDh498hTYnc/sddefault.jpg","ã€ç­‹ãƒˆãƒ¬å¥³å­ã€‘å®‰å…¨ã«åŠ¹ç‡ã‚ˆãï¼ã‚¹ãƒŸã‚¹ãƒã‚·ãƒ³ã®ä½¿ã„æ–¹ï¼”ç¨®ç›®ç´¹ä»‹ï¼èƒ¸ã¨è„š","https://www.youtube.com/watch?v=QDh498hTYnc"
"https://img.youtube.com/vi/dRwP0sYQO4Q/sddefault.jpg","ã€ã‚¢ãƒ–ãƒ€ã‚¯ã‚¿ãƒ¼ã€‘ã‚¸ãƒ ã§ã®ãŠå°»ã¾ã‚ã‚Šãƒˆãƒ¬ãƒ¼ãƒ‹ãƒ³ã‚°å…¥é–€ç·¨ï¼ã‚¢ãƒ–ãƒ€ã‚¯ã‚·ãƒ§ãƒ³ãƒ»ã‚¢ãƒ€ã‚¯ã‚·ãƒ§ãƒ³","https://www.youtube.com/watch?v=dRwP0sYQO4Q"
"https://img.youtube.com/vi/VZhsYRvu508/sddefault.jpg","ç­‹ãƒˆãƒ¬ã¯ã€é€±ã«ä½•å›ãŒè‰¯ã„ã®ï¼Ÿåˆ†ã‘æ–¹ã‚„ç¶™ç¶šã«ã¤ã„ã¦ï¼","https://www.youtube.com/watch?v=VZhsYRvu508"
"https://img.youtube.com/vi/X_dUYiIuxeo/sddefault.jpg","èƒŒä¸­ã‚’ç¾ã—ãã™ã‚‹ï¼"ãƒ©ãƒƒãƒˆãƒ—ãƒ«ãƒ€ã‚¦ãƒ³"ã®è§£èª¬ï¼ã€ç­‹ãƒˆãƒ¬ã€‘ã€å¥³å­ã€‘","https://www.youtube.com/watch?v=X_dUYiIuxeo"
"https://img.youtube.com/vi/PCGD4hZYufg/sddefault.jpg","ã€1æ—¥ã®é£Ÿäº‹ã€‘é‹å‹•é‡ãŒå°‘ãªãã¦ã‚‚ç—©ã›ã‚‹é£Ÿäº‹ï¼†ã‚«ãƒ­ãƒªãƒ¼è¨­å®š","https://www.youtube.com/watch?v=PCGD4hZYufg"
"https://img.youtube.com/vi/gxqRXL48M6Q/sddefault.jpg","ã€ç­‹ãƒˆãƒ¬å¥³å­ã€‘ç¾å°»ã‚’ã¤ãã‚‹ã‚³ãƒ„ã¨5ç¨®ç›®ã®ç´¹ä»‹ -ãƒŸãƒ¬ãƒ¼ãƒŠè§£èª¬-","https://www.youtube.com/watch?v=gxqRXL48M6Q"
"https://img.youtube.com/vi/VzUaVBXGVeQ/sddefault.jpg","ãŸã£ãŸï¼‘ã‚»ãƒƒãƒˆã§å¤§èƒ¸ç­‹ãŒãƒ‘ãƒ³ãƒ‘ãƒ³ã«ãªã‚‹ã‚„ã°ã„ãƒ¡ãƒ‹ãƒ¥ãƒ¼","https://www.youtube.com/watch?v=VzUaVBXGVeQ"
"https://img.youtube.com/vi/BMwXyc1yomA/sddefault.jpg","å¤§èƒ¸ç­‹ã‚’å¤§ããã™ã‚‹è‡ªé‡ãƒˆãƒ¬!èƒ¸å…¨ä½“ã«åŠ¹ã‹ã›ã‚‹ï¼’åˆ†åŠã®èƒ¸ãƒˆãƒ¬ã€ç­‹ãƒˆãƒ¬ã€‘","https://www.youtube.com/watch?v=BMwXyc1yomA"
"https://img.youtube.com/vi/kbmj-28AQgc/sddefault.jpg","çµ¶å¯¾ã«è…•ãŒå¤ªããªã‚‹ç­‹ãƒˆãƒ¬ï¼5åˆ†é–“ã®ã‚¹ãƒ¼ãƒ‘ãƒ¼ã‚»ãƒƒãƒˆã§è…•ãŒè¶…ãƒ‘ãƒ³ãƒ—ã—ã¾ã™ã€‚","https://www.youtube.com/watch?v=kbmj-28AQgc"
"https://img.youtube.com/vi/f6CeYdgX02U/sddefault.jpg","ï¼“åˆ†é–“ã§è‚©å…¨ä½“ã«åŠ¹ãï¼ãƒ€ãƒ³ãƒ™ãƒ«ã ã‘ã§ï¼–ç¨®ç›®ã®è‚©ãƒˆãƒ¬ãƒ¼ãƒ‹ãƒ³ã‚°ã‚’ã”ä¸€ç·’ã«ã€åˆå¿ƒè€…å‘ã‘ã€‘è§£èª¬ãªã—","https://www.youtube.com/watch?v=f6CeYdgX02U"
"https://img.youtube.com/vi/Y-Wch_hJiAE/sddefault.jpg","å‰²ã‚Œãªã„è¨³ãŒãªã„è…¹ç­‹ãƒ¡ãƒ‹ãƒ¥ãƒ¼ï¼è¶…ã‚­ãƒ„ã‚¤4åˆ†é–“è…¹ç­‹ãƒˆãƒ¬ãƒ¼ãƒ‹ãƒ³ã‚°","https://www.youtube.com/watch?v=Y-Wch_hJiAE"
"https://img.youtube.com/vi/vN4cb1hlw_A/sddefault.jpg","2åˆ†ã§è…¹ç­‹ã®å…¨ã¦ã‚’é›ãˆã‚‹ç­‹ãƒˆãƒ¬ï¼ä¸‹è…¹éƒ¨ãƒ»è…¹æ–œç­‹ã‚’è‡ªå®…ã§é›ãˆã¾ã—ã‚‡ã†ï¼","https://www.youtube.com/watch?v=vN4cb1hlw_A"
"https://img.youtube.com/vi/_qZccBRFm6I/sddefault.jpg","è‡ªå®…ã§æœ€å¼·èƒŒä¸­ãƒˆãƒ¬ï¼ãƒ€ãƒ³ãƒ™ãƒ«ã ã‘ã§èƒŒä¸­å…¨ä½“ã«åŠ¹ãï¼“åˆ†é–“ãƒ¡ãƒ‹ãƒ¥ãƒ¼ï¼åºƒèƒŒç­‹ã€åƒ§å¸½ç­‹ã€å¤§å††ç­‹å…¨ã¦ã«åŠ¹ãã¾ã™ã€‚","https://www.youtube.com/watch?v=_qZccBRFm6I"
"https://img.youtube.com/vi/YcBTgwsB-1E/sddefault.jpg","å…¨èº«ã®ä½“è„‚è‚ªã‚’ç‡ƒç„¼ã•ã›ã‚‹ãƒˆãƒ¬ãƒ¼ãƒ‹ãƒ³ã‚°ï¼æœ¬æ°—ã§ç—©ã›ã‚‹ç‚ºã®ï¼”åˆ†é–“ã€HIITã€‘","https://www.youtube.com/watch?v=YcBTgwsB-1E"
"https://img.youtube.com/vi/bDSjv4JJRhM/sddefault.jpg","å¤ªã„è…•ã‚’ä½œã‚‹ç­‹ãƒˆãƒ¬ï¼3åˆ†é–“ã®ã‚¹ãƒ¼ãƒ‘ãƒ¼ã‚»ãƒƒãƒˆã§äºŒé ­ã€ä¸‰é ­ã€å‰è…•å…¨ã¦ã«åŠ¹ããƒ¡ãƒ‹ãƒ¥ãƒ¼","https://www.youtube.com/watch?v=bDSjv4JJRhM"
"https://img.youtube.com/vi/Fx12MRw9bqw/sddefault.jpg","ãƒã‚¸ã§è…•ãŒå¤ªããªã‚‹7åˆ†é–“ã®ã‚¹ãƒ¼ãƒ‘ãƒ¼ã‚»ãƒƒãƒˆãŒã‚„ã°ã„","https://www.youtube.com/watch?v=Fx12MRw9bqw"
"https://img.youtube.com/vi/HNSN12Kda20/sddefault.jpg","ã‚³ãƒ¬ã‚„ã£ã¦ã‚‹äººã¯ç­‹è‚‰ã¤ãã¾ã›ã‚“","https://www.youtube.com/watch?v=HNSN12Kda20"
"https://img.youtube.com/vi/vW9giSuTepY/sddefault.jpg","å±±æœ¬å…ˆç”Ÿã®ãƒˆãƒ¬ãƒ¼ãƒ‹ãƒ³ã‚°å¤§å…¬é–‹ï¼ç¾åœ¨ã®èƒ¸ãƒ»èƒŒä¸­ãƒˆãƒ¬ãƒ¼ãƒ‹ãƒ³ã‚°","https://www.youtube.com/watch?v=vW9giSuTepY"
"https://img.youtube.com/vi/rYMR13OeX-c/sddefault.jpg","ä½“è„‚è‚ªãŒã‚ã£ã¡ã‚ƒè½ã¡ã‚‹æœã®ãƒ«ãƒ¼ãƒ†ã‚£ãƒ³ã€‚ã€11ã®ç¿’æ…£ã€‘","https://www.youtube.com/watch?v=rYMR13OeX-c"
"https://img.youtube.com/vi/z0-rJigZnPM/sddefault.jpg","è…¹å›ã‚Šã¨ä¸‹åŠèº«ã®è„‚è‚ªãŒç‡ƒç„¼ã™ã‚‹é£›ã°ãªã„HIITãƒˆãƒ¬ãƒ¼ãƒ‹ãƒ³ã‚°ã€6åˆ†8ç¨®ç›®ã€‘","https://www.youtube.com/watch?v=z0-rJigZnPM"
"https://img.youtube.com/vi/lfelRMHGMWk/sddefault.jpg","ã€4åˆ†é–“ã€‘ç¢ºå®Ÿã«è…•ã‚’å¤ªãã™ã‚‹ä¸Šè…•ä¸‰é ­ç­‹ãƒˆãƒ¬ãƒ¼ãƒ‹ãƒ³ã‚°ã€è‡ªå®…ã§ç°¡å˜ï¼ã€‘","https://www.youtube.com/watch?v=lfelRMHGMWk"
"https://img.youtube.com/vi/LJ4_b5OML8E/sddefault.jpg","ã€ã‚³ã‚¹ãƒ‘æœ€å¼·ï¼ã€‘10ä¸‡å††ã§ãƒ›ãƒ¼ãƒ ã‚¸ãƒ ã‚’ä½œã‚‹ãŸã‚ã«è²·ã£ãŸã‚‚ã®8é¸ï¼ã€ãƒ€ãƒ³ãƒ™ãƒ«ï½ãƒ™ãƒ³ãƒã€æ‡¸å‚å°ã¾ã§ã€‘","https://www.youtube.com/watch?v=LJ4_b5OML8E"
"https://img.youtube.com/vi/zT9OaUo2GuE/sddefault.jpg","æ¥µå¤ªã®è…•ãŒæ‰‹ã«å…¥ã‚‹ï¼ï¼•åˆ†é–“ã§åŠ¹ãã™ãã‚‹ãƒ€ãƒ³ãƒ™ãƒ«ãƒˆãƒ¬ãƒ¼ãƒ‹ãƒ³ã‚°ã€8ç¨®ç›®ã€‘","https://www.youtube.com/watch?v=zT9OaUo2GuE"
"https://img.youtube.com/vi/csteZarRUVU/sddefault.jpg","ã€6åˆ†é–“ã€‘æ¥µå¤ªã®è…•ã‚’ä½œã‚‹äºŒé ­ç­‹&å‰è…•ãƒ€ãƒ³ãƒ™ãƒ«ãƒˆãƒ¬ãƒ¼ãƒ‹ãƒ³ã‚°ã€è…•ãŒç ´è£‚ã—ã¾ã™ã€‚ã€‘","https://www.youtube.com/watch?v=csteZarRUVU"
"https://img.youtube.com/vi/Cqk-tF55ct0/sddefault.jpg","ã€1æ—¥3åˆ†ã€‘YouTubeå²ä¸Šæœ€å¼·ã«åŠ¹ãè…¹ç­‹ãƒˆãƒ¬ãŒå®Œæˆã—ã¾ã—ãŸã€‚ã€åœ°ç„ç·¨ã€‘","https://www.youtube.com/watch?v=Cqk-tF55ct0"
"https://img.youtube.com/vi/Y5LI019OX_c/sddefault.jpg","ã€å…¨ç¨®ç›®ãƒ»å…¨ãƒ¡ãƒ‹ãƒ¥ãƒ¼ã€‘å®Œå…¨ç‰ˆï¼ç­‹è‚‰ã‚’ã¤ã‘ã‚‹ï¼‘é€±é–“ã®ã‚¸ãƒ ãƒˆãƒ¬ãƒ¼ãƒ‹ãƒ³ã‚°ãƒ«ãƒ¼ãƒ†ã‚£ãƒ³","https://www.youtube.com/watch?v=Y5LI019OX_c"
"https://img.youtube.com/vi/qVvkOAWptAI/sddefault.jpg","ç­‹ãƒˆãƒ¬ï¼‘å¹´ç›®ã«è²·ã£ã¦ãŠã‘ã°è‰¯ã‹ã£ãŸã‚‚ã®ï¼™é¸ã€ç­‹ãƒˆãƒ¬åŠ¹ç‡ã€‘","https://www.youtube.com/watch?v=qVvkOAWptAI"
"https://img.youtube.com/vi/SfMd9P6t_zc/sddefault.jpg","ã€å…¨ç¨®ç›®â€¢å…¨ãƒ¡ãƒ‹ãƒ¥ãƒ¼ã€‘ï¼‘é€±é–“åˆ†ï¼ç­‹ãƒˆãƒ¬ï¼‘å¹´ç›®ã®ã‚¸ãƒ ç­‹ãƒˆãƒ¬ãƒ¡ãƒ‹ãƒ¥ãƒ¼å‹æ‰‹ã«è€ƒãˆã¦è§£èª¬ã—ã¦ã¿ãŸï¼ã€ç­‹ãƒˆãƒ¬åˆå¿ƒè€…ã€‘","https://www.youtube.com/watch?v=SfMd9P6t_zc"
"https://img.youtube.com/vi/WLuoPEfqTUg/sddefault.jpg","ï¼‘æ—¥ä¸­é£Ÿã¹ã¾ãã£ãŸä½“ã®å¤‰åŒ–ãŒã‚„ã°ã™ããŸã€é£Ÿäº‹ã€‘åœæ»ã‚’æ‰“ç ´ã™ã‚‹ãƒãƒ¼ãƒˆãƒ‡ã‚¤ã®ã‚„ã‚Šæ–¹ï¼","https://www.youtube.com/watch?v=WLuoPEfqTUg"
"https://img.youtube.com/vi/5S7RqsDCdNQ/sddefault.jpg","ã€ç­‹è‚‰åŠ¹ç‡ã€‘ãƒãƒƒãƒãƒ§ãŒç­‹ãƒˆãƒ¬ï¼‘å¹´ç›®ã«ã‚¿ã‚¤ãƒ ã‚¹ãƒªãƒƒãƒ—ã—ãŸã‚‰çµ¶å¯¾ã«å–ã‚Šçµ„ã‚€ã“ã¨ï¼•é¸","https://www.youtube.com/watch?v=5S7RqsDCdNQ"
"https://img.youtube.com/vi/T4lwZDCiPsA/sddefault.jpg","ãƒ€ã‚¤ã‚¨ãƒƒãƒˆã‚¬ãƒå‹¢ãŒé£Ÿäº‹ãƒ»é‹å‹•ã‚ˆã‚Šå…ˆã«ã‚„ã‚‹ã“ã¨ã‚’å¸ƒæ•™ã—ãŸã„ã€‚","https://www.youtube.com/watch?v=T4lwZDCiPsA"
"https://img.youtube.com/vi/qpld6cuBn5I/sddefault.jpg","ãƒˆãƒ¬ãƒ¼ãƒŠãƒ¼ã¯ç—©ã›ãŸã„æ™‚ã€ã“ã‚“ãªé£Ÿäº‹ã‚’ã—ã¦ã„ã¾ã™ã€‚","https://www.youtube.com/watch?v=qpld6cuBn5I"
"https://img.youtube.com/vi/31nCMPj_8EA/sddefault.jpg","å¤ªã‚Šã‚„ã™ã„äººã»ã©æ—¥å¸¸çš„ã«ã‚„ã£ã¦ã‚‹è¡Œå‹•ã€ã¾ã¨ã‚ã¾ã—ãŸã€‚","https://www.youtube.com/watch?v=31nCMPj_8EA"
"https://img.youtube.com/vi/zshgMDYy_WQ/sddefault.jpg","ã¨ã«ã‹ãæ—©ãç—©ã›ãŸã„äººã«ã¯æ¯æ—¥é£Ÿã¹ã¦ã»ã—ã„ã€Œæ¸›é‡ã‚¹ã‚¿ãƒ¡ãƒ³é£Ÿã€ç´¹ä»‹ã—ã¾ã™","https://www.youtube.com/watch?v=zshgMDYy_WQ"
"https://img.youtube.com/vi/fQGy3Zee4xI/sddefault.jpg","ç—©ã›ã‚„ã™ã„äººã»ã©æ—¥å¸¸çš„ã«ã‚„ã£ã¦ã‚‹è¡Œå‹•ã€ã¾ã¨ã‚ã¾ã—ãŸã€‚","https://www.youtube.com/watch?v=fQGy3Zee4xI"
"https://img.youtube.com/vi/9iZKmhi4h38/sddefault.jpg","ã‚¸ãƒ ã§ã‚„ã‚‹ã®ã¨åŒã˜ãã‚‰ã„åŠ¹æœã®ã‚ã‚‹å®…ãƒˆãƒ¬æ³•ã€ã¾ã¨ã‚ã¾ã—ãŸ","https://www.youtube.com/watch?v=9iZKmhi4h38"
"https://img.youtube.com/vi/lHZ0B5Aqu7Y/sddefault.jpg","çš†ã®ã€Œã“ã‚Œã‚„ã‚ã¨ã‘ã°ã‚‚ã£ã¨æ—©ãç—©ã›ãŸã®ãªã€ã£ã¦ã“ã¨é›†ã‚ãŸã‚‰å‚è€ƒã«ãªã‚Šã™ã","https://www.youtube.com/watch?v=lHZ0B5Aqu7Y"
"https://img.youtube.com/vi/Vi4ToA9PdkQ/sddefault.jpg","ãƒˆãƒ¬ãƒ¼ãƒŠãƒ¼ãŒç—©ã›ãªã„åŸå› åˆ¥ã«å¯¾ç­–ã‚’å¸ƒæ•™ã™ã‚‹å‹•ç”»ã§ã™ã€‚","https://www.youtube.com/watch?v=Vi4ToA9PdkQ"
"https://img.youtube.com/vi/Y2HmzUscgZQ/sddefault.jpg","ã€ãƒ¢ãƒãƒ™ã‚¢ãƒƒãƒ—ã€‘ç—©ã›ãŸã„ã‘ã©ã‚„ã‚‹æ°—ãŒå‡ºãªãã¦å›°ã£ã¦ã‚‹äººã€ä»»ã›ã‚","https://www.youtube.com/watch?v=Y2HmzUscgZQ"
"https://img.youtube.com/vi/aIEPiaqLLIg/sddefault.jpg","ã‚ãªãŸã®æ€§æ ¼ã«åˆã£ãŸç—©ã›ã‚‹æ–¹æ³•ã‚’æ•™ãˆã¾ã™ã€‚","https://www.youtube.com/watch?v=aIEPiaqLLIg"
"https://img.youtube.com/vi/-HJHu_IzkNY/sddefault.jpg","ãƒˆãƒ¬ãƒ¼ãƒŠãƒ¼ã®çµŒé¨“ä¸Šã€Œã“ã®äººã¯ç—©ã›ã‚‹ãªã€ã£ã¦äººã®ç‰¹å¾´ã¯ã“ã¡ã‚‰ã§ã™ã€‚","https://www.youtube.com/watch?v=-HJHu_IzkNY"
"https://img.youtube.com/vi/wYGGp01f9LU/sddefault.jpg","ãƒˆãƒ¬ãƒ¼ãƒŠãƒ¼ãŒ1ç•ªç—©ã›ã‚‹ãƒ€ã‚¤ã‚¨ãƒƒãƒˆãƒ»ãƒˆãƒ¬ãƒ¼ãƒ‹ãƒ³ã‚°æ³•ã‚’å¸ƒæ•™ã™ã‚‹å‹•ç”»ã§ã™ã€‚","https://www.youtube.com/watch?v=wYGGp01f9LU"
"https://img.youtube.com/vi/J_YyeQAsSvI/sddefault.jpg","ã€ç®¡ç†æ „é¤Šå£«ãŒæ•™ãˆã‚‹ã€‘æœé£Ÿã«æœ€é©ãªé«˜ã‚¿ãƒ³ãƒ‘ã‚¯è³ªãªé£Ÿäº‹ï¼•é¸","https://www.youtube.com/watch?v=J_YyeQAsSvI"
"https://img.youtube.com/vi/A99tjjnJiG8/sddefault.jpg","ãƒ—ãƒ­ãƒ†ã‚¤ãƒ³ã®æ­£ã—ã„é£²ã¿æ–¹ã‚„æ‘‚å–é‡ã‚’è§£èª¬ã€ãƒã‚¤ãƒ—ãƒ­ãƒ†ã‚¤ãƒ³ã€‘","https://www.youtube.com/watch?v=A99tjjnJiG8"
"https://img.youtube.com/vi/FlVJENhV3iI/sddefault.jpg","ã€ãƒãƒ³ã‚·ãƒ§ãƒ³OKã€‘å…¨èº«ã®è„‚è‚ªã‚’ç‡ƒã‚„ã™ãŸã‚ã®HIITãƒˆãƒ¬ãƒ¼ãƒ‹ãƒ³ã‚°ã€20åˆ†ã€‘","https://www.youtube.com/watch?v=FlVJENhV3iI"
"https://img.youtube.com/vi/5bfs4RgR3MA/sddefault.jpg","ã€ç­‹åˆ†è§£ã€‘ã‚¢ãƒ«ã‚³ãƒ¼ãƒ«ã®æ‚ªå½±éŸ¿ã‚’æœ€å°é™ã«æŠ‘ãˆã‚‹æ–¹æ³•","https://www.youtube.com/watch?v=5bfs4RgR3MA"
"https://img.youtube.com/vi/WdAaDprWlCY/sddefault.jpg","ã€ã‚µãƒ—ãƒªãƒ¡ãƒ³ãƒˆã€‘EAAã®åŠ¹æœã‚„ãŠã™ã™ã‚ã®é£²ã¿æ–¹ã‚’è§£èª¬","https://www.youtube.com/watch?v=WdAaDprWlCY"
"https://img.youtube.com/vi/Y6vEyLN76qs/sddefault.jpg","ã€ç®¡ç†æ „é¤Šå£«ãŒæ•™ãˆã‚‹ã€‘ã‚„ã£ã¦ã¯ã„ã‘ãªã„ãƒ—ãƒ­ãƒ†ã‚¤ãƒ³ã®é£²ã¿æ–¹ï¼”é¸","https://www.youtube.com/watch?v=Y6vEyLN76qs"
"https://img.youtube.com/vi/GVrxkycUmwI/sddefault.jpg","ã€å¾¹åº•è§£èª¬ã€‘ä½“è„‚è‚ªã‚’æ¸›ã‚‰ã—ã¦ã„ããŸã‚ã«é‡è¦ãª4ã¤ã®ã“ã¨ã€æ¸›é‡ãƒ»ãƒ€ã‚¤ã‚¨ãƒƒãƒˆã€‘","https://www.youtube.com/watch?v=GVrxkycUmwI"
"https://img.youtube.com/vi/JJy2hWtyvos/sddefault.jpg","ã€ãªãƒ¼ã™ã‘æµã€‘1é€±é–“ã®ç­‹ãƒˆãƒ¬ãƒ¡ãƒ‹ãƒ¥ãƒ¼ã®ä½œã‚Šæ–¹ã‚’ç´¹ä»‹","https://www.youtube.com/watch?v=JJy2hWtyvos"
"https://img.youtube.com/vi/3jGWu2JyVX4/sddefault.jpg","ã€ç­‹ãƒˆãƒ¬ã€‘BCAAã®åŠ¹æœã‚„ãŠã™ã™ã‚ã®é£²ã¿æ–¹ã¨ã¯ï¼Ÿ","https://www.youtube.com/watch?v=3jGWu2JyVX4"
"https://img.youtube.com/vi/0Z8vYVQ72MI/sddefault.jpg","ã€ç­‹ãƒˆãƒ¬åŠ¹ç‡æœ€å¤§åŒ–ã€‘ã‚¢ãƒ«ã‚®ãƒ‹ãƒ³ãƒ»ã‚·ãƒˆãƒ«ãƒªãƒ³ã®åŠ¹æœã¨æ‘‚å–ã‚¿ã‚¤ãƒŸãƒ³ã‚°","https://www.youtube.com/watch?v=0Z8vYVQ72MI"
"https://img.youtube.com/vi/XLR1pnZ_GfQ/sddefault.jpg","ã€çµ¶å¯¾ã«é£²ã‚€ã¹ãã€‘ã‚°ãƒ«ã‚¿ãƒŸãƒ³ã®åŠ¹æœã¨æ‘‚å–æ–¹æ³•ã‚’æ „é¤Šå£«ãŒå¾¹åº•è§£èª¬","https://www.youtube.com/watch?v=XLR1pnZ_GfQ"
"https://img.youtube.com/vi/7JPvtwOPBPM/sddefault.jpg","ã€ç­‹è‚¥å¤§ã€‘ã‚¯ãƒ¬ã‚¢ãƒãƒ³ã®åŠ¹æœã¨æ‘‚å–ã‚¿ã‚¤ãƒŸãƒ³ã‚°ã‚’å¾¹åº•è§£èª¬ï¼","https://www.youtube.com/watch?v=7JPvtwOPBPM"
"https://img.youtube.com/vi/rLrQwKltvs0/sddefault.jpg","ã€å¾¹åº•è§£èª¬ã€‘ç­‹è‚¥å¤§ã™ã‚‹ã«ã¯EAAã¨BCAAã©ã¡ã‚‰ãŒè‰¯ã„ã®ã‹","https://www.youtube.com/watch?v=rLrQwKltvs0"
"https://img.youtube.com/vi/J6IHBAa0fPc/sddefault.jpg","ã€æœ€å¼·ã‚µãƒ—ãƒªã€‘HMBã®åŠ¹æœã¨æ‘‚å–ã‚¿ã‚¤ãƒŸãƒ³ã‚°ã‚’å¾¹åº•è§£èª¬","https://www.youtube.com/watch?v=J6IHBAa0fPc"
"https://img.youtube.com/vi/eWarSIa0GI4/sddefault.jpg","ã€ç®¡ç†æ „é¤Šå£«ãŒè§£èª¬ã€‘ç­‹è‚‰ãŒã¤ãã«ãã„ç„¡é§„ãªãƒ—ãƒ­ãƒ†ã‚¤ãƒ³ã®é£²ã¿æ–¹4é¸ï¼","https://www.youtube.com/watch?v=eWarSIa0GI4"
